"option_id","question_id","option_letter","option_text","score","is_image","image_url"
"1","1","a","Untuk menghindari polusi","0","0",NULL
"2","1","b","Untuk meringankan beban sang master","0","0",NULL
"3","1","c","Untuk memberi tahu pihak berwenang","0","0",NULL
"4","1","d","Untuk membatasi polusi","0","0",NULL
"5","2","a","Energi eksternal dan internal.","0","0",NULL
"6","2","b","Energi internal","0","0",NULL
"7","2","c","Energi laten.","0","0",NULL
"8","2","d","Energi eksternal","0","0",NULL
"9","3","a","390,2 juta ton","0","0",NULL
"10","3","b","343,2 juta ton","0","0",NULL
"11","3","c","377,6 Mt.","0","0",NULL
"12","3","d","326,6 juta ton","0","0",NULL
"13","4","a","Gambar 1.","0","0",NULL
"14","4","b","Gambar 2","0","0",NULL
"15","4","c","Gambar 3.","0","0",NULL
"16","4","d","Gambar 4.","0","0",NULL
"17","5","a","Zona vertikal adalah zona kebakaran yang dapat dipisahkan satu sama lain dengan pintu tahan api. Jika terjadi kebakaran, semua pintu tahan api di depan dan belakang api akan ditutup untuk mencegah penyebaran asap/api.","0","0",NULL
"18","5","b","Zona vertikal dipisahkan dengan pintu tahan api yang akan tertutup secara otomatis saat alarm kebakaran berbunyi.","0","0",NULL
"19","5","c","Semua zona vertikal dipisahkan dengan pintu kedap air, yang akan ditutup jika terjadi korsleting, dll.","0","0",NULL
"20","5","d","Ada satu tim pemadam kebakaran di setiap zona.","0","0",NULL
"21","6","a","Larutan Kalium Hidroksida","0","0",NULL
"22","6","b","Larutan Natrium Klorat.","0","0",NULL
"23","6","c","Larutan Natrium Hidroksida.","0","0",NULL
"24","6","d","Larutan Natrium Hipoklorit","0","0",NULL
"25","7","a","Penggunaan alat pelempar tali kapal.","0","0",NULL
"26","7","b","Penggunaan rute pelarian dan metode pelarian lainnya","0","0",NULL
"27","7","c","Penggunaan sinyal visual permukaan ke udara untuk digunakan oleh para penyintas","0","0",NULL
"28","7","d","Penggunaan peralatan navigasi untuk kapal penyelamat","0","0",NULL
"29","8","a","5 tahun","0","0",NULL
"30","8","b","2 1/2 tahun.","0","0",NULL
"31","8","c","2 tahun","0","0",NULL
"32","8","d","Setiap tahun.","0","0",NULL
"33","9","a","Sebaiknya berwarna terang.","0","0",NULL
"34","9","b","Sebaiknya warna merah muda","0","0",NULL
"35","9","c","Sebaiknya warna gelap","0","0",NULL
"36","9","d","Tidak ada persyaratan","0","0",NULL
"37","10","a","L(S) = 4 H.","0","0",NULL
"38","10","b","L(S) = 0,667 H.","0","0",NULL
"39","10","c","L(S) = 1,5 H","0","0",NULL
"40","10","d","L(S) = 18 H.","0","0",NULL
"41","11","a","Setiap 4 tahun.","0","0",NULL
"42","11","b","Setiap 5 tahun","0","0",NULL
"43","11","c","Setiap 2 1/2 tahun.","0","0",NULL
"44","11","d","Setiap tahun","0","0",NULL
"45","12","a","Miliki pompa pembuangan terpisah dengan kapasitas yang memadai.","0","0",NULL
"46","12","b","Siapkan pembilasan dengan air bersih dan biarkan terkuras seluruhnya.","0","0",NULL
"47","12","c","Lindungi penghuni melalui kebakaran minyak terus-menerus selama jangka waktu tidak kurang dari 8 menit.","0","0",NULL
"48","12","d","Memiliki sarana untuk “menghidupkan/mematikan” aliran air di bagian luar sekoci penyelamat.","0","0",NULL
"49","13","a","Tekanan uji sama dengan 1,75 kali tekanan kerja maksimum yang diizinkan.","0","0",NULL
"50","13","b","Tekanan uji sama dengan 1,25 kali tekanan kerja maksimum yang diizinkan","0","0",NULL
"51","13","c","Tekanan uji sama dengan 1,5 kali tekanan kerja maksimum yang diizinkan","0","0",NULL
"52","13","d","Tekanan uji sama dengan tekanan kerja maksimum yang diizinkan.","0","0",NULL
"53","14","a","L(S) = 18 H.","0","0",NULL
"54","14","b","L(S) = 4 H.","0","0",NULL
"55","14","c","L(S) = 2 H.","0","0",NULL
"56","14","d","L(S) = 1,5 H.","0","0",NULL
"57","15","a","Metanol","0","0",NULL
"58","15","b","Etanol Industri","0","0",NULL
"59","15","c","Iso-propanol","0","0",NULL
"60","15","d","Air","0","0",NULL
"61","16","a","Sekarang mereka harus diangkut dengan kapal tanker berlambung ganda.","0","0",NULL
"62","16","b","Mereka sekarang harus dibawa dalam tank tipe 2","0","0",NULL
"63","16","c","Tidak ada perubahan.","0","0",NULL
"64","16","d","Saya tidak tahu","0","0",NULL
"65","17","a","Timbal Panama ditunjukkan dengan A, pada gambar","0","0",NULL
"66","17","b","Timbal Panama ditunjukkan dengan B, pada gambar","0","0",NULL
"67","17","c","Timbal Panama ditunjukkan dengan C, pada gambar","0","0",NULL
"68","17","d","Timbal Panama ditunjukkan dengan huruf D pada gambar.","0","0",NULL
"69","18","a","Pencucian bawah dimulai saat masih ada sedikit muatan di dalam tangki","0","0",NULL
"70","18","b","Pencucian bagian atas kering dan pencucian bagian bawah basah","0","0",NULL
"71","18","c","Minyaknya terlalu “basah” untuk digunakan dalam pencucian minyak mentah.","0","0",NULL
"72","18","d","Mulailah mencuci minyak mentah basah di dasar yang kering.","0","0",NULL
"73","19","a","Di luar wilayah laut A1, A2 dan A3.","0","0",NULL
"74","19","b","Kecuali wilayah laut A1, A2 dan A3, dalam jangkauan satelit Inmarsat, di mana alarm terus menerus tersedia","0","0",NULL
"75","19","c","Hingga 12 mil daratan","0","0",NULL
"76","19","d","Dalam jangkauan radiotelefoni VHF dari stasiun pantai, di mana alarm DSC terus-menerus tersedia.","0","0",NULL
"77","20","a","0,5-1 watt","0","0",NULL
"78","20","b","5-10 watt.","0","0",NULL
"79","20","c","6-25 watt","0","0",NULL
"80","20","d","Tidak tahu.","0","0",NULL
"81","21","a","Mengganggu","0","0",NULL
"82","21","b","Tidak untuk mengganggu","0","0",NULL
"83","21","c","Berbicara dengan dua stasiun secara bersamaan.","0","0",NULL
"84","21","d","Interupsi setelah melepaskan sakelar PTT","0","0",NULL
"85","22","a","SARSAT-COSPAS EPIRBS","0","0",NULL
"86","22","b","INMARSAT DAN EPIRBS","0","0",NULL
"87","22","c","Transponder SART","0","0",NULL
"88","22","d","Panggilan DSS VHF.","0","0",NULL
"89","23","a","Setiap 4 tahun.","0","0",NULL
"90","23","b","Setiap 3 tahun","0","0",NULL
"91","23","c","Setiap 2 tahun.","0","0",NULL
"92","23","d","Tahunan","0","0",NULL
"93","24","a","Satu di setiap sudut, total 4","0","0",NULL
"94","24","b","Satu di setiap ujung, total 2.","0","0",NULL
"95","24","c","Satu di setiap ujung, total 2","0","0",NULL
"96","24","d","Total ada tiga, 2 di ujung pintu, 1 di ujung seberangnya","0","0",NULL
"97","25","a","Ini adalah metode standar dan selalu dilakukan dengan cara itu demi kesederhanaan","0","0",NULL
"98","25","b","Udara segar membantu menyesuaikan muatan dengan kondisi lingkungan sekitar.","0","0",NULL
"99","25","c","Beberapa kargo sangat sensitif terhadap tingkat etilen dan mungkin sulit untuk mengukur secara akurat tingkat rendah yang akan mempengaruhi kargo.","0","0",NULL
"100","25","d","Udara segar sebanyak mungkin harus selalu dimasukkan ke dalam ruang kargo selama pelayaran untuk menjaga kualitas kargo","0","0",NULL
"101","26","a","Kompresor piston bebas oli","0","0",NULL
"102","26","b","Kompresor piston tiga tahap","0","0",NULL
"103","26","c","Kompresor tipe piston, sekrup dan sentrifugal.","0","0",NULL
"104","26","d","Kompresor sekrup tiga tahap.","0","0",NULL
"105","27","a","Rencana perjalanan selalu diperlukan, terlepas dari lamanya pelayaran, atau jika kapal sedang dalam pengawasan pilot.","0","0",NULL
"106","27","b","Rencana perjalanan hanya diperlukan apabila tidak ada pilot di dalam pesawat.","0","0",NULL
"107","27","c","Rencana perjalanan diperlukan sejak keberangkatan dari pelabuhan hingga kedatangan di stasiun percontohan di tujuan.","0","0",NULL
"108","27","d","Rencana lintasan diperlukan untuk semua lintasan laut dalam, tetapi tidak untuk melintasi terusan dengan pemanduan.","0","0",NULL
"109","28","a","HSE hanya berwenang jika terdapat batas antara kapal dan pantai, misalnya melalui peraturan akses. Dalam kasus serius, mereka akan menghubungi Petugas Kelautan setempat.","0","0",NULL
"110","28","b","Mereka dapat meminta agar tes alkohol/narkoba dilakukan setelah insiden yang melibatkan kapal atau pelayaran.","0","0",NULL
"111","28","c","Mereka memiliki kekuasaan yang sama persis dengan seorang Perwira Marinir.","0","0",NULL
"112","28","d","Mereka tidak memiliki tanggung jawab hukum atas kapal atau pengiriman","0","0",NULL
"113","29","a","Tidak ada tindakan khusus yang perlu diambil","0","0",NULL
"114","29","b","Untuk menghindari pembusukan yang tidak terkendali, muatan harus dibuang ke laut.","0","0",NULL
"115","29","c","Kargo harus dipanaskan hingga 45 °C","0","0",NULL
"116","29","d","Kargo harus diawasi secara ketat selama 12 jam ke depan.","0","0",NULL
"117","30","a","Kapal dengan haluan bulat, kapal LPG dan LNG harus menyediakan proyektor sendiri.","0","0",NULL
"118","30","b","Semua kapal harus menyediakan proyektornya sendiri.","0","0",NULL
"119","30","c","Hanya proyektor yang disewa dari Canal Mooring and Light Company yang diizinkan.","0","0",NULL
"120","30","d","Jika kapal memiliki proyektor sendiri, biaya tambahan akan dikenakan pada kapal.","0","0",NULL
"121","31","a","Jejak infestasi serangga di lambung kapal","0","0",NULL
"122","31","b","Bintik-bintik karat yang mengeras pada pelapisan cangkang","0","0",NULL
"123","31","c","Bintik-bintik karat yang mengeras pada bangku sekat bawah dan pelat tangki hopper","0","0",NULL
"124","31","d","Pelapisan bagian atas tangki yang terkena noda karat","0","0",NULL
"125","32","a","Dioda.","0","0",NULL
"126","32","b","Transistor.","0","0",NULL
"127","32","c","Penyearah yang dikontrol silikon.","0","0",NULL
"128","32","d","Dioda terowongan.","0","0",NULL
"129","33","a","Ya, jika pelaut itu sedang bekerja.","0","0",NULL
"130","33","b","Ya, karena akibatnya fatal.","0","0",NULL
"131","33","c","TIDAK","0","0",NULL
"132","33","d","Ya, meskipun dia tidak meninggal","0","0",NULL
"133","34","a","Pengaturan harus dibuat untuk pengujian atmosfer untuk memastikan pemeliharaan kadar oksigen 21% dan kandungan karbon monoksida di bawah 50 ppm di atmosfer ruang.","0","0",NULL
"134","34","b","Menyediakan masker filter untuk semua kru yang bekerja di dek ro-ro","0","0",NULL
"135","34","c","Dek Ro-Ro selalu diberi ventilasi sebelum operasi.","0","0",NULL
"136","34","d","Buka kedua pintu haluan dan buritan.","0","0",NULL
"137","35","a","Bahwa ada kapal lain di dekatnya, yang sedang melaju, tetapi berhenti dan tidak bisa melewati air.","0","0",NULL
"138","35","b","Bahwa ada kapal lain di dekatnya, tetapi sedang berlabuh.","0","0",NULL
"139","35","c","Bahwa ada dua kapal lagi di dekatnya.","0","0",NULL
"140","35","d","Bahwa ada kapal lain di sekitar dan dia baru saja mengubah haluan ke pelabuhan.","0","0",NULL
"141","36","a","Tutup lubang ventilasi perahu penyelamat.","0","0",NULL
"142","36","b","Buka palka.","0","0",NULL
"143","36","c","Perangkat penutup kanopi rakit penolong yang aman.","0","0",NULL
"144","36","d","Palka aman","0","0",NULL
"145","37","a","Ketika baji berkarat.","0","0",NULL
"146","37","b","Ketika pegas datar hilang.","0","0",NULL
"147","37","c","Ketika pegas datar ditekuk","0","0",NULL
"148","37","d","Ketika pegas datar berkarat.","0","0",NULL
"149","38","a","SOLAS 74/88.","0","0",NULL
"150","38","b","Saran dari perencana pantai.","0","0",NULL
"151","38","c","Manual pengamanan kargo","0","0",NULL
"152","38","d","Peraturan OSHA.","0","0",NULL
"153","39","a","Untuk menghindari area yang mudah meledak (mudah terbakar) di tangki kargo","0","0",NULL
"154","39","b","Untuk menghindari kelembaban di tangki kargo","0","0",NULL
"155","39","c","Untuk memastikan semua oksigen dikeluarkan dari tangki kargo dan menghindari reaksi kimia","0","0",NULL
"156","39","d","Untuk menghindari radikal yang menumpuk di tangki kargo.","0","0",NULL
"157","40","a","Harus selalu ada satu orang di kantor kapal, yang mengoperasikan katup manifold untuk menghindari kenaikan tekanan yang terlalu besar di dalam tangki.","0","0",NULL
"158","40","b","Biarkan saja semua katup terbuka dan biarkan pantai mengendalikan tiupannya.","0","0",NULL
"159","40","c","Harus selalu ada satu orang di manifold kapal, yang mengoperasikan katup manifold untuk menghindari kenaikan tekanan yang terlalu besar di dalam tangki.","0","0",NULL
"160","40","d","Harus selalu ada satu orang di anjungan kapal, yang mengoperasikan kemudi untuk menghindari peningkatan tekanan yang terlalu besar di dalam tangki","0","0",NULL
"161","41","a","Untuk menentukan apakah kapal layak laut.","0","0",NULL
"162","41","b","Untuk menerbitkan sertifikat kelaikan laut.","0","0",NULL
"163","41","c","Untuk mengeluarkan izin perdagangan.","0","0",NULL
"164","41","d","Terutama untuk menentukan apakah peraturan awak kapal telah dipatuhi","0","0",NULL
"165","42","a","Aspek pertama mengonfirmasi kematian. Beri tahu perusahaan dan keluarga terdekat, dan jika ada di kapal, beri tahu dan beri penghiburan sesuai kebutuhan. Atur agar jenazah dipindahkan ke ruang pendingin. Beri tahu agen lokal dan Konsul Inggris jika berada di luar negeri. Catat dalam Catatan Kelahiran dan Kematian.","0","0",NULL
"166","42","b","Konfirmasikan kematian. Pindahkan jenazah ke kompartemen freezer. Hubungi agen setempat dan Konsul Inggris jika diperlukan. Lengkapi bagian naratif buku catatan resmi. Buat entri di buku catatan dek yang merinci tindakan yang diambil.","0","0",NULL
"167","42","c","Konfirmasikan kematian. Hubungi agen setempat dan atur evakuasi jenazah dari kapal. Beri tahu perusahaan. Lengkapi bagian kelahiran dan kematian di buku catatan resmi.","0","0",NULL
"168","42","d","Konfirmasikan kematian. Beri tahu keluarga terdekat, dan jika sudah di pesawat, beri penghiburan seperlunya. Catat di bagian Kelahiran dan Kematian di OLB, dan catat di bagian narasi OLB. Beri tahu agen dan Konsul Inggris jika di luar negeri. Miliki tempat tinggal.","0","0",NULL
"169","43","a","Kuning","0","0",NULL
"170","43","b","Oranye","0","0",NULL
"171","43","c","Biru","0","0",NULL
"172","43","d","Merah","0","0",NULL
"173","44","a","Zat cair berbahaya dari kategori apa pun dengan titik tuang lebih dari 37,8 derajat Celcius","0","0",NULL
"174","44","b","Zat cair berbahaya dalam kategori “X” atau “Y” dengan viskositas sama dengan atau lebih besar dari 50 mPas pada suhu pembongkaran","0","0",NULL
"175","44","c","Setiap zat cair berbahaya yang residunya tidak dapat dikeluarkan dari kompartemen kargo dan sistem perpipaan dan pemompaan terkait hingga sama dengan atau kurang dari 75 liter","0","0",NULL
"176","44","d","Zat cair berbahaya dalam kategori “Y” dengan viskositas sama dengan atau lebih besar dari 100 mPas pada suhu 37,8 derajat Celcius.","0","0",NULL
"177","45","a","Persentase lilin parafin berdasarkan volume, berdasarkan sampel representatif minyak mentah","0","0",NULL
"178","45","b","Jumlah aditif dalam produk minyak, dinyatakan dalam ppm, yang dirancang untuk menghambat pemadatan pada suhu yang lebih rendah","0","0",NULL
"179","45","c","Persentase volume endapan lilin yang diamati ditemukan di tangki kargo setelah pembongkaran dalam kaitannya dengan total volume","0","0",NULL
"180","45","d","kargo yang diangkut sebelumnya.","0","0",NULL
"181","46","a","Jenis kapal.","0","0",NULL
"182","46","b","Tonase mereka","0","0",NULL
"183","46","c","Wilayah laut.","0","0",NULL
"184","46","d","Tidak tahu.","0","0",NULL
"185","47","a","Proses di mana senyawa kimia tak jenuh dipanaskan di bawah tekanan, menyebabkan molekul-molekulnya bereaksi satu sama lain dan membentuk molekul yang lebih besar.","0","0",NULL
"186","47","b","Proses dimana molekul-molekul dalam senyawa kimia tak jenuh bereaksi satu sama lain selama pendinginan, membentuk molekul yang lebih besar","0","0",NULL
"187","47","c","Proses di mana senyawa kimia jenuh dipanaskan di bawah tekanan, menyebabkan molekul-molekulnya bereaksi satu sama lain dan membentuk molekul yang lebih kecil.","0","0",NULL
"188","47","d","Proses dimana senyawa kimia jenuh bereaksi ketika tekanan dilepaskan selama","0","0",NULL
"189","48","a","-6 °C.","0","0",NULL
"190","48","b","0 derajat celcius","0","0",NULL
"191","48","c","+6 derajat celcius","0","0",NULL
"192","48","d","+10 derajat celcius","0","0",NULL
"193","49","a","Langsung masuk seperti biasa","0","0",NULL
"194","49","b","Beritahu Chief Officer atau petugas yang berjaga dan menyalakan ventilasi untuk setidaknya 15 menit","0","0",NULL
"195","49","c","Memberitahu seluruh crew kapal 15 menit sebelumnya","0","0",NULL
"196","49","d","Membuat working permit dan memberi tanda bahwa ada orang di dalam ruang pompa","0","0",NULL
"197","50","a","Letaknya di ujung pipa dalam tangki dan membatasi partikel dan padatan apa pun yang masuk ke sistem pipa.","0","0",NULL
"198","50","b","Ini adalah kotak pengumpulan sampah di gudang","0","0",NULL
"199","50","c","Ini adalah kotak di dekat windlass untuk menyimpan lumpur dari jangkar dan kabel jangkar","0","0",NULL
"200","50","d","Ini adalah kotak di bawah manifold untuk menangkap tumpahan saat menghubungkan selang pembuangan atau pemuatan","0","0",NULL
"998","251","a","Ini adalah kapal yang melakukan pengerukan atau operasi bawah air. Dua bola dalam garis vertikal menunjukkan sisi aman untuk dilewati; dua belah ketupat dalam garis vertikal menunjukkan sisi yang memiliki halangan; bola/belah ketupat/bola menunjukkan kapal dibatasi dalam kemampuannya untuk bermanuver.","0","0",NULL
"999","251","b","Ini adalah kapal yang bertugas keamanan pelabuhan. Dua bola dalam garis vertikal menunjukkan pelabuhan ditutup; dua belah ketupat dalam garis vertikal menunjukkan pelabuhan sedang melakukan operasi pembersihan ranjau; bola/belah ketupat/bola menunjukkan kapal tersebut dibatasi dalam kemampuannya untuk bermanuver.","0","0",NULL
"1000","251","c","Ini adalah kapal yang melakukan pengerukan atau operasi bawah air. Dua bola dalam garis vertikal menunjukkan sisi di mana terdapat halangan; dua belah ketupat dalam garis vertikal menunjukkan sisi yang aman untuk dilewati; kombinasi bola/belah ketupat/bola secara vertikal menunjukkan bahwa kapal tersebut dibatasi dalam kemampuannya untuk bermanuver.","0","0",NULL
"1001","251","d","Ini adalah kapal yang melakukan operasi pembersihan ranjau. Dua bola dalam garis vertikal menunjukkan alat penyapu aktif; dua belah ketupat dalam garis vertikal menunjukkan bahwa kapal harus diberi jarak minimal 1.000 meter; bola/belah ketupat/bola menunjukkan kapal tersebut dibatasi dalam kemampuannya untuk bermanuver.","0","0",NULL
"1002","252","a","Pemeriksa palet (Pallet scanner)","0","0",NULL
"1003","252","b","Detektor uap (Vapour detector)","0","0",NULL
"1004","252","c","Sistem kontrol akses","0","0",NULL
"1005","252","d","Kontainer keamanan","0","0",NULL
"1006","253","a","Kibarkan dua bola hitam.","0","0",NULL
"1007","253","b","Bunyi Alarm Umum.","0","0",NULL
"1008","253","c","Mundur penuh (ring full astern).","0","0",NULL
"1009","253","d","Matikan mesin.","0","0",NULL
"1010","254","a","Karena interaksi, haluan kapal akan saling tarik saat mendekat, lalu akan saling tolak saat sejajar dan buritan akan saling tarik saat kapal menjauh.","0","0",NULL
"1011","254","b","Saat mendekat, kemudi harus segera digerakkan untuk menghindari membelok ke jalur kapal lain. Kemudian saat sejajar buritan akan saling tarik dan akhirnya saling tolak saat menjauh.","0","0",NULL
"1012","254","c","Karena interaksi, haluan kapal akan saling tolak, lalu saat sejajar kedua kapal akan tersedot saling mendekat, dan akhirnya buritan akan saling tolak saat mulai menjauh.","0","0",NULL
"1013","254","d","Akan sangat sedikit pengaruh antara kedua kapal saat mereka saling melewati.","0","0",NULL
"1014","255","a","Hanya staf darat perusahaan","0","0",NULL
"1015","255","b","Hanya perwira senior","0","0",NULL
"1016","255","c","Hanya nakhoda","0","0",NULL
"1017","255","d","Semua anggota awak kapal","0","0",NULL
"1018","256","a","42","0","0",NULL
"1019","256","b","26","0","0",NULL
"1020","256","c","32","0","0",NULL
"1021","256","d","39","0","0",NULL
"1022","257","a","1 tahun.","0","0",NULL
"1023","257","b","2 tahun.","0","0",NULL
"1024","257","c","6 bulan.","0","0",NULL
"1025","257","d","5 tahun","0","0",NULL
"1026","258","a","Menampilkan sinyal NUC (Not Under Command) dan mempertimbangkan untuk menghentikan mesin.","0","0",NULL
"1027","258","b","Menghubungi Nakhoda dan memberitahukan situasi.","0","0",NULL
"1028","258","c","Semua jawaban yang disebutkan.","0","0",NULL
"1029","258","d","Meminta ruang mesin untuk memeriksa alat kemudi","0","0",NULL
"1030","259","a","244123000.","0","0",NULL
"1031","259","b","002453290.","0","0",NULL
"1032","259","c","245329000.","0","0",NULL
"1033","259","d","Tidak ada yang disebutkan.","0","0",NULL
"1034","260","a","Under Keel Clearance ditunjukkan oleh huruf A dalam gambar.","0","0",NULL
"1035","260","b","Under Keel Clearance ditunjukkan oleh huruf B dalam gambar.","0","0",NULL
"1036","260","c","Under Keel Clearance ditunjukkan oleh huruf D dalam gambar.","0","0",NULL
"1037","260","d","Under Keel Clearance ditunjukkan oleh huruf C dalam gambar.","0","0",NULL
"1038","261","a","On official watch.","0","0",NULL
"1039","261","b","Officer of the Watch.","0","0",NULL
"1040","261","c","Operator of the watch.","0","0",NULL
"1041","261","d","On official watchkeeping","0","0",NULL
"1042","262","a","6 ledakan panjang berulang kali.","0","0",NULL
"1043","262","b","3 ledakan panjang berulang kali.","0","0",NULL
"1044","262","c","5 ledakan panjang berulang kali.","0","0",NULL
"1045","262","d","4 ledakan panjang berulang kali.","0","0",NULL
"1046","263","a","Sekat tabrakan dan geladak.","0","0",NULL
"1047","263","b","Sekat tengah.","0","0",NULL
"1048","263","c","Tangki dan lantai bagian bawah ganda.","0","0",NULL
"1049","263","d","Balok dan stringer anti-panting.","0","0",NULL
"1050","264","a","Letakkan benda tersebut di dalam laci atau lemari arsip.","0","0",NULL
"1051","264","b","Konfirmasi dengan rekan pencari bahwa objek tersebut mencurigakan.","0","0",NULL
"1052","264","c","Buang benda tersebut ke laut.","0","0",NULL
"1053","264","d","Tutupi benda mencurigakan tersebut dengan kotak atau selimut.","0","0",NULL
"1054","265","a","Berdasarkan biaya minimum enam detik dengan kenaikan per detik.","0","0",NULL
"1055","265","b","Berdasarkan biaya minimum enam detik dengan kenaikan enam detik.","0","0",NULL
"1056","265","c","Berdasarkan biaya minimum tiga menit dengan kenaikan per menit.","0","0",NULL
"1057","265","d","Berdasarkan biaya minimum satu menit dengan kenaikan per menit.","0","0",NULL
"1058","266","a","Pesan ini berarti kapal pesiar sedang kemasukan air.","0","0",NULL
"1059","266","b","Pesan ini berarti kapal pesiar sedang mengalami gelombang besar dan mungkin butuh bantuan.","0","0",NULL
"1060","266","c","Pesan ini berarti kapal pesiar telah terbalik di laut ganas.","0","0",NULL
"1061","266","d","Pesan ini berarti kapal pesiar kehilangan kaptennya di laut ganas.","0","0",NULL
"1062","267","a","Ya, aman jika tali tas dibungkuskan pada tangga.","0","0",NULL
"1063","267","b","Ya, aman jika kapal tidak terlalu bergoyang.","0","0",NULL
"1064","267","c","Tidak aman kedua tangan seharusnya selalu digunakan untuk memanjat tangga.","0","0",NULL
"1065","267","d","Ya, aman asalkan tetap mempertahankan tiga titik kontak.","0","0",NULL
"1066","268","a","Emergency General Ship Call.","0","0",NULL
"1067","268","b","Enhanced Group Call.","0","0",NULL
"1068","268","c","Exchange Geographic Call.","0","0",NULL
"1069","268","d","Exchange Group Call.","0","0",NULL
"1070","269","a","Nahkoda (Captain).","0","0",NULL
"1071","269","b","Kepala Kamar Mesin (Chief Engineer).","0","0",NULL
"1072","269","c","Teknisi kapal yang bertugas.","0","0",NULL
"1073","269","d","Orang pertama yang tiba di lokasi.","0","0",NULL
"1074","270","a","Undang-undang Keselamatan dan Kesehatan Kerja.","0","0",NULL
"1075","270","b","Berkonsultasi dengan petugas kepala sebelum mulai bekerja.","0","0",NULL
"1076","270","c","Menggunakan praktik yang sama yang telah berlaku selama beberapa waktu.","0","0",NULL
"1077","270","d","Memanfaatkan Penilaian Risiko (Risk Assessment) sebagai sarana peningkatan keselamatan.","0","0",NULL
"1078","271","a","Di posisi dekat buritan kapal.","0","0",NULL
"1079","271","b","Sekitar 1/3 panjang kapal dari buritan (stern).","0","0",NULL
"1080","271","c","Di tengah-tengah kapal (amidships).","0","0",NULL
"1081","271","d","Sekitar 1/3 panjang kapal dari haluan (bow).","0","0",NULL
"1082","272","a","Kerusakan pada kontainer.","0","0",NULL
"1083","272","b","Kerusakan fisik pada muatan.","0","0",NULL
"1084","272","c","Muatan ternoda oleh karat, oli hidrolik, atau gemuk.","0","0",NULL
"1085","272","d","Muatan tidak dimuat hingga penuh sesuai tinggi kontainer.","0","0",NULL
"1086","273","a","Ketika dua kali periode pertemuan gelombang mendekati periode menggelinding alami kapal.","0","0",NULL
"1087","273","b","Ketika tinggi gelombang dari haluan melebihi 6 meter.","0","0",NULL
"1088","273","c","Ketika periode pertemuan gelombang mendekati periode menggelinding alami kapal.","0","0",NULL
"1089","273","d","Ketika tinggi gelombang dari kuarter kiri atau kanan melebihi 6 meter.","0","0",NULL
"1090","274","a","Perintah nakhoda bersifat sesuai situasi (berubah), dengan perintah nakhoda bersifat tetap","0","0",NULL
"1091","274","b","Perintah nakhoda yang sifat sesuai situasi (berubah), dengan perintah nakhoda yang wajib dilaksanakan","0","0",NULL
"1092","274","c","Perintah nakhoda yang bersifat tetap, dengan perintah nakhoda yang wajib dilaksanakan","0","0",NULL
"1093","274","d","Perintah nakhoda bersifat sementara, dengan perintah nakhoda yang tidak tetap","0","0",NULL
"1094","275","a","Perintah nakhoda kepada petugas dinas jaga anjungan setiap malamnya","0","0",NULL
"1095","275","b","Perintah nakhoda kepada petugas dinas jaga anjungan setiap saat","0","0",NULL
"1096","275","c","Perintah nakhoda kepada petugas dinas jaga anjungan selama dalam pelayaran","0","0",NULL
"1097","275","d","Perintah nakhoda kepada petugas dinas jaga anjungan nakhoda tersebut diatas kapal","0","0",NULL
"1098","276","a","Bahan peledak lain di sekitarnya.","0","0",NULL
"1099","276","b","Zat korosif.","0","0",NULL
"1100","276","c","Sambaran petir.","0","0",NULL
"1101","276","d","Gas beracun","0","0",NULL
"1102","277","a","Menggambar garis singgung dari titik tertinggi kurva ke sumbu X dan mengukurnya dalam meter.","0","0",NULL
"1103","277","b","Nilai dalam meter dari sumbu X pada titik di mana kurva berubah dari cekung menjadi cembung.","0","0",NULL
"1104","277","c","Dengan menggambar garis singgung pada kurva yang melewati titik asal dan membuat garis tegak lurus melalui sudut kemiringan 57,3 derajat.","0","0",NULL
"1105","277","d","Tidak mungkin menentukan nilai GM dari kurva tuas pemulih (righting levers).","0","0",NULL
"1106","278","a","Dengan menggambar garis singgung pada kurva yang melewati titik asal dan membuat garis tegak lurus melalui sudut kemiringan 57,3 derajat.","0","0",NULL
"1107","278","b","Dengan menggambar garis singgung dari titik tertinggi kurva ke sumbu X dan mengukurnya dalam satuan meter.","0","0",NULL
"1108","278","c","Nilai dalam meter dari titik X di mana kurva berubah dari bentuk cekung ke cembung.","0","0",NULL
"1109","278","d","Tidak mungkin menentukan nilai GM dari kurva momen pemulih (righting levers).","0","0",NULL
"1110","279","a","Dikeluarkan dari layanan.","0","0",NULL
"1111","279","b","Diperbaiki di kapal dan digunakan kembali.","0","0",NULL
"1112","279","c","Hanya digunakan pada lapisan terbawah di geladak.","0","0",NULL
"1113","279","d","Hanya digunakan untuk penyimpanan kontainer bawah deck.","0","0",NULL
"1114","280","a","Hanya pada bagian sekat yang padat dan berkesinambungan.","0","0",NULL
"1115","280","b","Hingga 5 meter di bawah permukaan geladak.","0","0",NULL
"1116","280","c","Hingga 5 meter di atas permukaan geladak.","0","0",NULL
"1117","280","d","Pada bukaan dan penetrasi.","0","0",NULL
"1118","281","a","Peningkatan sudut olengan secara bertahap di laut hadap (head sea).","0","0",NULL
"1119","281","b","Terjadinya sudut kemiringan besar yang tidak terduga akibat laut samping.","0","0",NULL
"1120","281","c","Terjadinya secara tiba-tiba sudut olengan besar di laut samping (beam seas).","0","0",NULL
"1121","281","d","Gerakan oleng tidak stabil besar yang tiba-tiba terjadi di laut hadap atau buritan.","0","0",NULL
"1122","282","a","Karena penting untuk menjaga kapal sesuai dengan ketentuan pemuatan internasional.","0","0",NULL
"1123","282","b","Karena penting untuk menjaga posisi kapal tetap tegak selama perjalanan muatan.","0","0",NULL
"1124","282","c","Karena dibutuhkan untuk memuat ballast saat bongkar muat.","0","0",NULL
"1125","282","d","Diperlukan untuk melakukan trim kapal dan mengimbangi pembengkokan memanjang.","0","0",NULL
"1126","283","a","Semua alternatif yang disebutkan.","0","0",NULL
"1127","283","b","Peningkatan daya rem karena kawat bisa dililitkan dalam satu lapisan pada drum.","0","0",NULL
"1128","283","c","Mengurangi kemungkinan kawat tersangkut di gulungan.","0","0",NULL
"1129","283","d","Tidak menyebabkan kawat terjepit atau hancur.","0","0",NULL
"1130","284","a","Di atas bantalan (dunnage) yang diletakkan langsung di bawah rel bagian bawah kontainer.","0","0",NULL
"1131","284","b","Langsung di atas tangki.","0","0",NULL
"1132","284","c","Di atas bantalan (dunnage) yang diletakkan melintang di atas tangki.","0","0",NULL
"1133","284","d","Di atas bantalan (dunnage) yang diletakkan secara membujur di atas tangki.","0","0",NULL
"1134","285","a","Barang-barang ini memerlukan perlindungan dari panas.","0","0",NULL
"1135","285","b","Barang-barang ini harus disimpan di lokasi yang terlindungi.","0","0",NULL
"1136","285","c","Barang-barang ini memerlukan perlindungan terhadap akumulasi uap berbahaya.","0","0",NULL
"1137","285","d","Barang-barang ini memerlukan perlindungan terhadap kelembaban.","0","0",NULL
"1138","286","a","Hanya menggunakan elektroda dari produsen terkenal.","0","0",NULL
"1139","286","b","Hanya pemegang sertifikat las yang diizinkan melakukan pengelasan di kapal.","0","0",NULL
"1140","286","c","Tukang las harus mendapat pelatihan dalam penggunaan peralatan las kapal.","0","0",NULL
"1141","286","d","Peralatan las listrik harus dikendalikan oleh insinyur yang bertanggung jawab sebelum digunakan.","0","0",NULL
"1142","287","a","Kapal saya mengalami kerusakan pada pelat lambung di bawah garis air di area ruang muat No. 3 sisi kanan (starboard).","0","0",NULL
"1143","287","b","Kapal saya mengalami kerusakan pada pelat lambung di area ruang muat No. 3.","0","0",NULL
"1144","287","c","Kapal saya mengalami kerusakan pada pelat lambung di bawah garis air.","0","0",NULL
"1145","287","d","Kapal saya mengalami kerusakan pada pelat lambung di atas garis air.","0","0",NULL
"1146","288","a","Dari posisi di deck tempat beban diangkat.","0","0",NULL
"1147","288","b","Dari kepala derrick atau crane.","0","0",NULL
"1148","288","c","Dari pusat beban yang diangkat.","0","0",NULL
"1149","288","d","Dari posisi di deck di dasar derrick atau crane.","0","0",NULL
"1150","289","a","Kekuatan pengereman yang meningkat dari winch dapat melebihi kekuatan putus tali.","0","0",NULL
"1151","289","b","Semua alternatif yang disebutkan.","0","0",NULL
"1152","289","c","Kerusakan pada winch karena poros menjadi bengkok.","0","0",NULL
"1153","289","d","Tegangan pada fairleads dan roller yang melebihi Beban Kerja Aman (SWL) mereka.","0","0",NULL
"1154","290","a","Cargo Securing Manual (CSM).","0","0",NULL
"1155","290","b","Stability Manual.","0","0",NULL
"1156","290","c","The Code for the Safe Practice for Cargo Stowage and Securing.","0","0",NULL
"1157","290","d","Buku pedoman ISM perusahaan.","0","0",NULL
"1158","291","a","Safety of Life at Sea Convention (SOLAS).","0","0",NULL
"1159","291","b","Cargo Securing Manual (CSM).","0","0",NULL
"1160","291","c","MARPOL 73/78 Annex IV.","0","0",NULL
"1161","291","d","Cargo Stowage and Security (CSS) Code.","0","0",NULL
"1162","292","a","Pastikan kontainer disimpan di atas dek.","0","0",NULL
"1163","292","b","Tolak kontainernya.","0","0",NULL
"1164","292","c","Pastikan kontainer disimpan di bawah dek.","0","0",NULL
"1165","292","d","Muat kontainernya dan buat catatan protes.","0","0",NULL
"1166","293","a","Mungkin tidak dinyatakan sebagai kosong.","0","0",NULL
"1167","293","b","Rentan ambruk.","0","0",NULL
"1168","293","c","Mungkin masih mengandung sisa muatan yang mudah terbakar.","0","0",NULL
"1169","293","d","Bisa meledak jika ventilasinya tertutup.","0","0",NULL
"1170","294","a","Zat beracun.","0","0",NULL
"1171","294","b","Gas cair.","0","0",NULL
"1172","294","c","Peroksida organik (Organic peroxides).","0","0",NULL
"1173","294","d","Zat menular.","0","0",NULL
"1174","295","a","Tidak menggunakan bahan kimia kering untuk memadamkan api.","0","0",NULL
"1175","295","b","Membiarkan ventilasi.","0","0",NULL
"1176","295","c","Tidak menggunakan air untuk mendinginkan kontainer.","0","0",NULL
"1177","295","d","Saya tidak tahu.","0","0",NULL
"1178","296","a","Mendinginkan dengan air tawar.","0","0",NULL
"1179","296","b","Membiarkan muatan membara.","0","0",NULL
"1180","296","c","Menutup sumber udara (smothering).","0","0",NULL
"1181","296","d","Menyiram dengan air laut.","0","0",NULL
"1182","297","a","Mengangkut cairan berbahaya dalam jumlah besar.","0","0",NULL
"1183","297","b","Mengangkut cairan dengan berat jenis tertentu.","0","0",NULL
"1184","297","c","Mengangkut muatan cair tanpa Nama Pengiriman Resmi (Proper Shipping Name).","0","0",NULL
"1185","297","d","Mengangkut cairan tidak berbahaya dalam jumlah besar (non-hazardous liquids, in bulk).","0","0",NULL
"1186","298","a","Kapal sulit dikendalikan","0","0",NULL
"1187","298","b","Kemudi lebih lambat","0","0",NULL
"1188","298","c","Kecepatan menurun pada putaran mesin yang sama","0","0",NULL
"1189","298","d","Trim kapal berubah","0","0",NULL
"1190","299","a","Muatan yang memiliki lebih dari satu pelabuhan bongkar dan menunggu keputusan skipper","0","0",NULL
"1191","299","b","Muatan yang beratnya melebihi kemampuan daya angkat boom kapal","0","0",NULL
"1192","299","c","Muatan yang peka terhadap bau-bauan","0","0",NULL
"1193","299","d","Muatan yang memiliki berat maksimal daya tampung kapal","0","0",NULL
"1194","300","a","Hand break dikencangkan, stopper/pengikat pada rantai dibuka, jangkar siap let-go","0","0",NULL
"1195","300","b","Hand break dikencangkan, cluth in, stopper/pengikat rantai dibuka, hand break dibuka, jangkar di area dengan windlass hingga diatas air, hand break di kencangkan, cluth out, jangkar siap let-go","0","0",NULL
"1196","300","c","Hand break dikencangkan, cluth in, stopper/pengikat rantai dibuka, hand break dibuka, jangkar di area dengan windlass hingga diatas air, hand break di kencangkan, jangkar siap let-go","0","0",NULL
"1197","300","d","Hand break dikencangkan, cluth in, stopper/pengikat rantai dibuka, hand break dibuka, cluth out, jangkar siap let-go","0","0",NULL
"1201","302","a","Menjaga kualitas kerja sambil rutin memberi pengingat agar rekan kerja lebih tanggap terhadap tugasnya.","4","0",NULL
"1202","302","b","Tidak adil bagi saya kalau saya kerja keras sendiri, sehingga saya akan melakukan pekerjaan seperti biasa","0","0",NULL
"1203","302","c","Tetap kerja dengan baik dan sesekali ingatkan teman untuk lebih serius dalam bekerja","2","0",NULL
"1204","303","a","Mencoba menerapkan metode ini dan mengevaluasi dengan tim untuk bahan pertimbangan lebih lanjut.","4","0",NULL
"1205","303","b","Mencatat ide metode baru ini dan mempertimbangkannya bersama rekan kerja agar bisa dipelajari lebih lanjut.","2","0",NULL
"1206","303","c","Tetap memakai metode kerja lama yang sudah terbukti aman dan sering digunakan, sambil menyimpan ide baru ini untuk pertimbangan ke depannya.","0","0",NULL
"1207","304","a","Menyampaikan pendapat secara sopan dan tetap mengikuti arahan senior untuk sementara.","2","0",NULL
"1208","304","b","Mengikuti cara rekan senior Anda untuk menjaga keharmonisan tim dan tidak memicu konflik","0","0",NULL
"1209","304","c","Mengajak berdiskusi merujuk pada prosedur kerja, lalu menyepakati solusi bersama dan meminta klarifikasi atasan bila perlu","4","0",NULL
"1210","305","a","Mengandalkan prosedur manual dan berharap pelabuhan masih menyediakan alternatif non-digital.","0","0",NULL
"1211","305","b","Mulai mempelajari dasar-dasar sistem digital yang diperlukan untuk mendukung kelancaran koordinasi.","2","0",NULL
"1212","305","c","Mengajak tim mempersiapkan diri agar proses kerja bisa menyesuaikan dengan sistem digital pelabuhan.","4","0",NULL
"1213","306","a","Menjelaskan posisi Anda dengan tenang sambil mengakui bahwa terbuka untuk melakukan diskusi lebih lanjut dan melakukan perbaikan.","2","0",NULL
"1214","306","b","Tetap menerima kritik dengan baik dan langsung bertanya apa yang perlu diperbaiki.","0","0",NULL
"1215","306","c","Tetap profesional dan mendengarkan kritik, namun meminta penjelasan detail di waktu yang tepat setelah situasi mereda.","4","0",NULL
"1216","307","a","Menyampaikan bahwa seluruh muatan sudah ditata dan menyarankan agar tambahan kontainer dijadwalkan untuk pelayaran berikutnya.","0","0",NULL
"1217","307","b","Menginformasikan kesediaan membantu memuat tambahan kontainer, sambil menjelaskan bahwa ini di luar rencana dan bisa mempengaruhi jadwal kerja.","2","0",NULL
"1218","307","c","Menginformasikan kondisi situasi ke atasan dan mengusulkan pembagian tugas agar tambahan muatan dapat ditangani lebih efisien.","4","0",NULL
"1219","308","a","Memilih untuk tetap menggunakan cara lama yang sudah terbukti aman dan lebih praktis untuk semua orang.","0","0",NULL
"1220","308","b","Mencoba menerapkan cara baru ini saat beban kerja tidak terlalu tinggi dan ada waktu luang untuk pemantauan tambahan.","2","0",NULL
"1221","308","c","Menyesuaikan jadwal pemantauan dengan rekan kerja agar tetap bisa dijalankan tanpa mengganggu pekerjaan lain.","4","0",NULL
"1222","309","a","Memberikan dia sedikit waktu untuk beradaptasi sendiri, karena pada dasarnya niatnya baik.","0","0",NULL
"1223","309","b","Mengapresiasi semangatnya dan meminta agar lebih sering berdiskusi sebelum mengambil keputusan.","2","0",NULL
"1224","309","c","Menjelaskan dan memberi contoh padanya pentingnya koordinasi tim dengan mengapresiasi semangat dan inisiatifnya.","4","0",NULL
"1225","310","a","Mencari tahu informasi cuaca terbaru secara berkala supaya crew lebih siap kalau ada perubahan mendadak.","2","0",NULL
"1226","310","b","Tetap jalankan prosedur standar untuk saat ini karena memang cuaca masih normal dan belum ada gangguan.","0","0",NULL
"1227","310","c","Mengusulkan pengecekan kesiapan alat dan membahas rute cadangan jika situasi memburuk.","4","0",NULL
"1228","311","a","Mencari tahu dulu alasan dibalik perbedaan tersebut sebelum memutuskan apakah perlu mengambil tindakan lebih lanjut.","2","0",NULL
"1229","311","b","Mengikuti sistem yang sudah berjalan sambil membuat catatan pribadi untuk memantau apakah perbedaan ini konsisten.","0","0",NULL
"1230","311","c","Menyampaikan temuan ini kepada atasan untuk memastikan apakah ini memang prosedur yang disetujui dan perlu dikoreksi.","4","0",NULL
"1231","312","a","Mengatur pergantian pekerja agar tim tetap fokus dan produktif tanpa kelelahan berlebihan","4","0",NULL
"1232","312","b","Mengingatkan tim untuk mencoba menjaga kecepatan kerja sambil tetap berhati-hati agar tidak mengganggu keselamatan.","2","0",NULL
"1233","312","c","Membiarkan tim bekerja sesuai kondisi karena keselamatan tetap menjadi prioritas.","0","0",NULL
"1234","313","a","Membahas ide tersebut dengan crew lain untuk melihat kemungkinan penerapannya dalam kondisi tertentu.","2","0",NULL
"1235","313","b","Menghargai ide crew junior tersebut tapi lebih baik menggunakan sistem yang telah berjalan dan telah terbukti agar tidak mengganggu ritme kerja.","0","0",NULL
"1236","313","c","Mengevaluasi ide bersama crew dan merencanakan rencana uji coba untuk melihat efektivitasnya.","4","0",NULL
"1237","314","a","Mendekat dan mengingatkan keduanya dengan tenang agar dapat menahan emosi tanpa memihak siapa pun.","2","0",NULL
"1238","314","b","Membiarkan mereka menyelesaikan sendiri sampai tetap mengawasi dari jauh, karena campur tangan dapat memperburuk situasi.","0","0",NULL
"1239","314","c","Memisahkan keduanya sejenak dan mengajak bicara untuk menyelesaikan permasalahan secara tenang.","4","0",NULL
"1240","315","a","Mengamati metode kerja mereka dan mencari cara untuk saling berdiskusi dan menyesuaikan tanpa mengganggu sistem yang ada.","4","0",NULL
"1241","315","b","Menjalankan rutinitas seperti biasa sambil melihat dulu bagaimana mereka beradaptasi dengan sistem yang ada.","0","0",NULL
"1242","315","c","Memperhatikan cara kerja mereka dan terbuka apabila ada cara baru yang mungkin bisa bermanfaat.","2","0",NULL
"1243","316","a","Mengikuti saran senior namun tetap membuat catatan pribadi tentang insiden tersebut untuk pembelajaran pribadi.","2","0",NULL
"1244","316","b","Melaporkan insiden karena semua kejadian perlu dicatat, walaupun situasi dengan crew lain menjadi canggung.","4","0",NULL
"1245","316","c","Mengikuti saran senior karena memang tidak ada konsekuensi serius dan tidak ingin membuat masalah.","0","0",NULL
"1246","317","a","Melakukan evaluasi internal terhadap hasil kerja dan mengidentifikasi area yang bisa ditingkatkan meski sudah memenuhi standar yang ada.","0","0",NULL
"1247","317","b","Menyampaikan permintaan maaf dan memberikan penjelasan tentang faktor-faktor yang mungkin menjadi penyebab kurang sesuainya hasil kerja dengan yang diharapkan.","4","0",NULL
"1248","317","c","Mengkomunikasikan bahwa standar sudah terpenuhi, namun menawarkan untuk melakukan evaluasi bersama untuk memahami ekspektasi yang diharapkan.","2","0",NULL
"1249","318","a","Membuat dua opsi jadwal yang bisa dipilih crew berdasarkan preferensi mereka, sambil memantau efektivitas masing-masing.","0","0",NULL
"1250","318","b","Mengajak crew berdiskusi untuk memahami perubahan dan mencoba jadwal baru dalam beberapa waktu sebelum mengambil keputusan.","4","0",NULL
"1251","318","c","Mengimplementasikan jadwal baru secara bertahap dengan periode trial dan evaluasi berkala untuk meminimalkan resistensi.","2","0",NULL
"1252","319","a","Mengajak crew junior untuk mendengarkan dulu, dan menyampaikan bahwa pertanyaan mereka akan dibahas bersama setelah itu.","2","0",NULL
"1253","319","b","Memutuskan untuk tidak berkomentar apa-apa dahulu karena dapat memancing emosi crew lainnya yang sudah mulai tegang.","0","0",NULL
"1254","319","c","Menjawab poin-poin utama secara ringkas, supaya crew junior merasa terbantu dan briefing tetap berjalan baik.","4","0",NULL
"1255","320","a","Mulai menyesuaikan prosedur kerja terkait agar lebih siap saat regulasi baru mulai berlaku.","4","0",NULL
"1256","320","b","Mencari tahu perubahan regulasi dan mengkaji dampaknya terhadap tugas saat ini.","2","0",NULL
"1257","320","c","Fokus pada pekerjaan saat ini dan akan mempelajari regulasi baru jika sudah diberlakukan atau jika sudah ada arahan resmi.","0","0",NULL
"1258","321","a","Memutuskan untuk bergabung karena barang tersebut sudah sangat lama tidak terpakai dan akan dibuang nantinya.","0","0",NULL
"1259","321","b","Menolak ikut serta dan mempertimbangkan menyampaikan secara pribadi karena bukan urusan Anda dan Anda tidak ingin memicu konflik.","2","0",NULL
"1260","321","c","Menolak ikut serta dan mengingatkan bahwa semua barang milik kapal adalah milik perusahaan serta harus ada izin resmi untuk dipindahkan.","4","0",NULL
"1261","322","a","Menjelaskan bahwa keterlambatan ini disebabkan oleh faktor teknis yang tidak bisa dihindari dan masih dalam batas wajar, sehingga diharapkan tidak menimbulkan masalah besar.","0","0",NULL
"1262","322","b","Memberikan informasi terkini sambil menyarankan pengaturan alternatif agar dampaknya dapat diminimalkan.","4","0",NULL
"1263","322","c","Memberikan update berkala tentang perkembangan terbaru dan estimasi waktu kedatangan agar pihak terminal bisa menyesuaikan jadwal mereka.","2","0",NULL
"1264","323","a","Mengusulkan dan merancang penggabungan kerja yang disepakati bersama, agar koordinasi dapat berjalan lancar.","4","0",NULL
"1265","323","b","Menjalankan pekerjaan perawatan sesuai jadwal biasa untuk menjaga agar proses tetap sederhana dan minim risiko.","0","0",NULL
"1266","323","c","Menggabungkan beberapa pekerjaan yang paling mudah dikoordinasikan, sambil memantau bagaimana dampak dan hasilnya.","2","0",NULL
"1267","324","a","Mengusulkan cara diskusi yang memungkinkan semua anggota dapat bersuara secara seimbang.","4","0",NULL
"1268","324","b","Setelah rapat, mendekati crew yang lebih diam untuk mendengar pendapat mereka secara pribadi.","2","0",NULL
"1269","324","c","Tidak melakukan intervensi apa pun karena umumnya crew yang lebih diam memang tidak memiliki pendapat yang ingin disampaikan, sehingga tidak mengganggu suasana.","0","0",NULL
"1270","325","a","Mulai memikirkan area yang mungkin perlu penyesuaian dan mempersiapkan tim untuk kemungkinan peningkatan beban kerja.","2","0",NULL
"1271","325","b","Fokus bekerja seperti biasanya terlebih dahulu, dan akan melakukan penyesuaian nanti kalau rutenya benar-benar akan ditambah.","0","0",NULL
"1272","325","c","Menyesuaikan pembagian tugas dan mencari cara agar pekerjaan tetap efisien saat nanti rute benar-benar bertambah.","4","0",NULL
"1273","326","a","Menyampaikan pendapat atau masukan yang tidak terlalu detail agar tidak menyinggung siapa pun.","2","0",NULL
"1274","326","b","Memutuskan untuk tidak berbicara apa pun untuk menghindari konflik.","0","0",NULL
"1275","326","c","Menyampaikan pendapat dengan cara yang netral dan terbuka untuk didiskusikan.","4","0",NULL
"1276","327","a","Menyampaikan kondisi terminal kepada kantor dengan update berkala, disertai usulan solusi alternatif jika memungkinkan","4","0",NULL
"1277","327","b","Menjelaskan bahwa situasi ini merupakan kondisi umum di terminal, sambil mengupayakan percepatan di aspek yang masih bisa dikendalikan.","2","0",NULL
"1278","327","c","Mengoptimalkan kinerja tim di lapangan dan mendokumentasikan kondisi sebagai faktor eksternal yang mempengaruhi proses.","0","0",NULL
"1279","328","a","Meminta penjelasan lebih detail akan feedback tersebut, sehingga Anda dan tim memahami apa saja yang harus diperbaiki ke depannya.","2","0",NULL
"1280","328","b","Mengajak crew lainnya untuk meninjau ulang metode kerja dan mencari cara agar proses dapat berjalan lebih efisien.","4","0",NULL
"1281","328","c","Menjelaskan bahwa pekerjaan yang Anda lakukan telah sesuai dengan standar yang ada dan juga menjelaskan dalam prosesnya membutuhkan waktu yang cenderung lama.","0","0",NULL
"1282","329","a","Membiarkan saja karena merasa itu sudah biasa di kapal dan tidak langsung mengganggu pekerjaan.","0","0",NULL
"1283","329","b","Memberikan pengingat ringan kepadanya supaya lebih berhati-hati dalam berbicara, agar suasana kerja tetap baik.","2","0",NULL
"1284","329","c","Mengajak bicara secara pribadi dan menjelaskan dampak sikapnya terhadap tim.","4","0",NULL
"1285","330","a","Program training yang ada sudah memenuhi requirement, jadi untuk sementara akan menyelesaikan training mandatory yang sudah dijadwalkan","0","0",NULL
"1286","330","b","Mulai mengidentifikasi skill tambahan yang mungkin berguna dan mencari cara untuk mengembangkannya secara mandiri di luar jam kerja.","2","0",NULL
"1287","330","c","Mengusulkan pelatihan tambahan atau diskusi dengan crew atau tim untuk mengembangkan skill tersebut bersama-sama.","4","0",NULL
"1288","331","a","Menjelaskan dan meminta agar pencatatan dilakukan dengan aktual sesuai kondisi sebenarnya.","4","0",NULL
"1289","331","b","Menyarankan agar sebaiknya data dicatat sesuai dengan kondisi sebenarnya walaupun tidak melaporkan secara langsung.","2","0",NULL
"1290","331","c","Tidak mempermasalahkan karena Anda merasa itu hanya cara untuk mempermudah pekerjaan dan tidak akan merugikan siapa pun.","0","0",NULL
"1291","332","a","Memastikan ulang bahwa pengaturan sudah aman sesuai standar dan sambil tetap mengamati kalau perlu perbaikan kecil nantinya.","0","0",NULL
"1292","332","b","Mendiskusikan dengan crew lainnya apakah ada penyesuaian kecil yang bisa dilakukan tanpa mempengaruhi keselamatan dan jadwal.","2","0",NULL
"1293","332","c","Mengusulkan evaluasi ulang pengaturan barang menjadi lebih optimal sambil tetap menjaga keselamatan dan jadwal kerja.","4","0",NULL
"1294","333","a","Menerapkan bagian yang telah dipahami terlebih dahulu, sambil secara bertahap mempelajari sisanya di waktu kerja.","2","0",NULL
"1295","333","b","Mengalokasikan waktu untuk mempelajari materi secara mandiri, termasuk mencari referensi tambahan bila diperlukan.","0","0",NULL
"1296","333","c","Berkolaborasi dengan rekan yang telah memahami materi untuk mendiskusikan dan menerapkannya bersama dalam praktik kerja.","4","0",NULL
"1297","334","a","Memberikan peringatan supaya dia lebih waspada dan tidak mengulangi kesalahan.","2","0",NULL
"1298","334","b","Tetap fokus menyelesaikan pekerjaan dan membiarkan dia belajar sendiri karena Anda juga harus menyelesaikan pekerjaan Anda.","0","0",NULL
"1299","334","c","Menjelaskan kesalahan yang terjadi dan memberi saran agar tidak mengulangi kesalahan.","4","0",NULL
"1300","335","a","Mulai memperhatikan hal-hal kecil dari proses kerja yang bisa diperbaiki tanpa mengganggu ritme kerja tim.","2","0",NULL
"1301","335","b","Mencoba perbaikan ringan di beberapa bagian proses kerja yang memiliki dampak signifikan pada hasil.","4","0",NULL
"1302","335","c","Metode yang digunakan sudah terbukti efektif dan hasil kerja tim juga sudah sesuai target, jadi tidak perlu ada perubahan untuk saat ini.","0","0",NULL
"1303","336","a","Tidak mengambil tindakan apa pun karena hasil akhirnya tetap baik dan Anda tidak ingin mengganggu ritme kerja mereka.","0","0",NULL
"1304","336","b","Meski tidak langsung menghentikan mereka, Anda menyarankan agar prosedur tetap diperhatikan meski memang saat ini hasilnya masih aman.","2","0",NULL
"1305","336","c","Mengingatkan agar prosedur harus tetap diikuti meskipun akan lebih lambat demi mencegah risiko.","4","0",NULL
"1306","337","a","Menginstruksikan crew untuk membersihkan muatan secara cepat dan meminimalkan kelembaban agar lebih layak.","2","0",NULL
"1307","337","b","Melakukan tindakan korektif segera dan mengevaluasi proses kerja untuk mencegah kejadian serupa di pengiriman selanjutnya.","4","0",NULL
"1308","337","c","Menilai tingkat kerusakan dan memastikan apakah muatan masih dalam batas toleransi, sambil memperkuat prosedur kontrol kualitas.","0","0",NULL
"1309","338","a","Memberikan arahan singkat supaya crew lebih teliti, walaupun itu sedikit melambatkan pekerjaan","2","0",NULL
"1310","338","b","Mengajak crew untuk meninjau kebiasaan kerja dan mencari cara yang sesuai namun tetap menjaga mutu muatan.","4","0",NULL
"1311","338","c","Membiarkan crew tetap dengan cara lama yang cepat dan praktis, sambil sesekali ingatkan agar lebih hati-hati.","0","0",NULL
"1312","339","a","Menjelaskan kembali langkah yang benar agar kesalahannya segera diperbaiki","2","0",NULL
"1313","339","b","Menenangkan diri dan tetap fokus menyelesaikan tugas sendiri supaya suasana tetap kondusif.","0","0",NULL
"1314","339","c","Mengajak bicara untuk memahami kesulitannya dan membantu mencarikan solusi bersama.","4","0",NULL
"1315","340","a","Mulai mencatat bagian yang mendekati masa kritis dan menyusun rencana penanganan awal agar tidak mengganggu operasional saat waktunya tiba.","2","0",NULL
"1316","340","b","Meningkatkan pemantauan dan pencatatan data performa alat untuk mengetahui gejala awal kerusakan dan menentukan langkah selanjutnya.","0","0",NULL
"1317","340","c","Menyampaikan informasi kepada atasan dan menyarankan penggantian bertahap jika memang diperlukan, sambil tetap menjalankan sistem yang ada.","4","0",NULL
"1318","341","a","Saya bisa saja melewati beberapa prosedur teknis selama hasilnya memecahkan masalah dengan cepat dan tidak langsung merugikan pihak lain.","0","0",NULL
"1319","341","b","Saya tetap berusaha menyelesaikannya sesuai aturan, meski itu berarti prosesnya bisa lebih lambat dan hasilnya belum tentu langsung terlihat.","1","0",NULL
"1320","342","a","Saya fokus menyelesaikan tugas sesuai alur dan instruksi yang sudah ada.","1","0",NULL
"1321","342","b","Dalam kondisi kerja yang longgar, saya kadang mempertimbangkan pilihan yang lebih menguntungkan bagi saya.","0","0",NULL
"1322","343","a","Saya mudah menyesuaikan diri dengan budaya atau kebiasaan kerja tim yang ada dan dianggap biasa.","0","0",NULL
"1323","343","b","Saya tetap memegang prinsip pribadi meskipun dianggap berbeda oleh rekan kerja.","1","0",NULL
"1324","344","a","Saya percaya bisa mengelola situasi sulit tanpa selalu mengikuti aturan secara kaku.","0","0",NULL
"1325","344","b","Saya cenderung waspada dan berhati-hati dalam situasi yang tidak bisa saya prediksi sepenuhnya.","1","0",NULL
"1326","345","a","Menurut saya, reputasi masih bisa diperbaiki meskipun pernah terganggu.","0","0",NULL
"1327","345","b","Saya percaya reputasi yang sudah rusak akan sulit dipulihkan sepenuhnya.","1","0",NULL
"1328","346","a","Menurut saya, perusahaan sebaiknya mempertimbangkan kembali track record lengkap seseorang sebelum memutuskan melakukan perekrutan kembali.","1","0",NULL
"1329","346","b","Menurut saya, setiap orang berhak mendapat kesempatan kedua dalam karier mereka, terlepas dari masa lalu mereka.","0","0",NULL
"1330","347","a","Saya tidak sepenuhnya menyalahkan orang yang memilih jalan pintas karena tekanan finansial.","0","0",NULL
"1331","347","b","Saya sulit memahami alasan seseorang mengambil jalan pintas dalam urusan finansial.","1","0",NULL
"1332","348","a","Saya kadang memilih langkah yang lebih efisien meski tidak semua sesuai dengan prosedur.","0","0",NULL
"1333","348","b","Saya nyaman mengikuti langkah kerja yang sudah ditentukan dan terbukti efektif.","1","0",NULL
"1334","349","a","Saya lebih memilih menjaga kekompakan tim meskipun ada hal yang tidak sepenuhnya saya setujui.","0","0",NULL
"1335","349","b","Saya lebih memilih menyampaikan pendapat meski tahu itu bisa menimbulkan ketegangan.","1","0",NULL
"1336","350","a","Saya merasa cukup mampu menangani dampak dari keputusan atau tindakan yang berisiko.","0","0",NULL
"1337","350","b","Saya cenderung berhati-hati karena tahu tidak semua akibat dari keputusan bisa saya kendalikan.","1","0",NULL
"1338","351","a","Dalam situasi mendesak, saya cenderung segera mengambil langkah yang menurut saya paling cepat menyelesaikan masalah.","1","0",NULL
"1339","351","b","Saya tetap berhati-hati sebelum bertindak walau dalam situasi mendesak.","0","0",NULL
"1340","352","a","Saya menggunakan alasan sakit jika merasa kondisi kesehatan saya dapat mengganggu pekerjaan.","0","0",NULL
"1341","352","b","Saya menggunakan alasan sakit untuk kebutuhan yang memengaruhi kesejahteraan pribadi, termasuk alasan non-medis.","1","0",NULL
"1342","353","a","Saya cenderung mencari solusi atau jalan praktis ketika menghadapi kebutuhan keuangan yang mendesak.","0","0",NULL
"1343","353","b","Saya sabar dalam menunggu solusi yang tepat untuk masalah keuangan.","1","0",NULL
"1344","354","a","Saya kadang memilih cara kerja yang terasa lebih menguntungkan bagi diri saya, meskipun tidak sepenuhnya sesuai dengan prosedur.","0","0",NULL
"1345","354","b","Saya tetap mengikuti prosedur yang berlaku, meskipun ada cara lain yang terlihat lebih cepat atau menguntungkan.","1","0",NULL
"1346","355","a","Saya cenderung menilai dan mempertimbangkan setiap permintaan sebelum memutuskan mengikuti atau tidak.","1","0",NULL
"1347","355","b","Saya cenderung mengikuti arahan atasan meskipun terkadang merasa itu tidak sepenuhnya benar.","0","0",NULL
"1348","356","a","Saya merasa cukup mampu menangani dampak dari keputusan atau tindakan yang berisiko.","0","0",NULL
"1349","356","b","Saya cenderung berhati-hati karena tahu tidak semua akibat dari keputusan bisa saya kendalikan.","1","0",NULL
"1350","357","a","Saya cenderung bertindak cepat meski belum terpikirkan semua risikonya.","1","0",NULL
"1351","357","b","Saya lebih memilih menunda daripada terjadi risiko yang merugikan.","0","0",NULL
"1352","358","a","Dalam kondisi terdesak, saya akan mempertimbangkan menggunakan dana perusahaan terlebih dahulu dengan rencana segera melaporkan dan menggantinya.","1","0",NULL
"1353","358","b","Dana perusahaan tidak seharusnya digunakan untuk keperluan pribadi, meskipun dalam situasi mendesak.","0","0",NULL
"1354","359","a","Saya percaya standar moral seseorang tidak didasarkan dengan tingkat penghasilan individu.","0","0",NULL
"1355","359","b","Saya memahami bahwa tekanan ekonomi dapat mempengaruhi pilihan moral seseorang.","1","0",NULL
"1356","360","a","Saya lebih nyaman bekerja tanpa perlu banyak pengawasan sehingga saya lebih bebas mengambil keputusan sendiri.","1","0",NULL
"1357","360","b","Saya merasa lebih tenang bekerja dengan pengawasan serta arahan yang jelas.","0","0",NULL
"1358","361","a","Saya menyampaikan pendapat meski tahu bisa berbeda dari kebanyakan orang.","1","0",NULL
"1359","361","b","Saya kadang menyesuaikan diri dengan kelompok agar tetap dianggap bagian dari mereka.","0","0",NULL
"1360","362","a","Saya cenderung berhati-hati dan menilai ulang sebelum menyimpulkan situasi itu aman.","0","0",NULL
"1361","362","b","Saya sering mengandalkan penilaian pribadi untuk menilai apakah suatu situasi aman atau tidak.","1","0",NULL
"1362","363","a","Dalam situasi tertentu, saya cenderung langsung mengambil keputusan meskipun belum semua hal saya pertimbangkan.","1","0",NULL
"1363","363","b","Saya cenderung menyiapkan rencana dengan jelas sebelum mengambil langkah.","0","0",NULL
"1364","364","a","Saya lebih memilih memberi ruang kepada rekan untuk memperbaiki kesalahannya sebelum dilaporkan secara formal.","1","0",NULL
"1365","364","b","Saya cenderung melaporkan pelanggaran jika sudah cukup jelas dan berdampak pada pekerjaan.","0","0",NULL
"1366","365","a","Saya mempertimbangkan dampak moral dan manfaat saat membuat keputusan finansial.","1","0",NULL
"1367","365","b","Saya cenderung mempertimbangkan untung-rugi dalam setiap keputusan finansial.","0","0",NULL
"1368","366","a","Saya tetap mengikuti sistem yang ada meskipun terasa kurang praktis.","0","0",NULL
"1369","366","b","Saat sistem atau aturan kerja tidak terlalu ketat, saya menyesuaikan cara kerja agar lebih fleksibel dan leluasa.","1","0",NULL
"1370","367","a","Saya tetap berusaha menjalankan prosedur resmi, meskipun itu bisa memperlambat penyelesaian pekerjaan.","1","0",NULL
"1371","367","b","Saya cenderung mengandalkan cara kerja tim yang sudah terbukti efektif, meskipun terkadang cara itu tidak sepenuhnya sesuai prosedur resmi.","0","0",NULL
"1372","368","a","Saya lebih memilih menjaga kestabilan meskipun harus melewatkan peluang yang ada.","0","0",NULL
"1373","368","b","Saya bisa mempertimbangkan risiko jika peluang yang terlihat cukup menjanjikan.","1","0",NULL
"1374","369","a","Saya berusaha mempertimbangkan risiko sebelum bertindak, meskipun kadang membuat keputusan jadi lebih lambat.","1","0",NULL
"1375","369","b","Saya lebih memilih bertindak langsung jika saya yakin solusinya masuk akal, walaupun belum sempat menimbang semua risiko.","0","0",NULL
"1376","370","a","Saya percaya aturan perusahaan bisa disesuaikan dalam situasi tertentu, selama tidak mengganggu tujuan utama pekerjaan.","0","0",NULL
"1377","370","b","Menurut saya, aturan yang sudah ditetapkan sebaiknya dijalankan secara konsisten, meskipun kadang terasa kurang sesuai dengan kondisi lapangan.","1","0",NULL
"1378","371","a","Saya tetap berpegang pada cara-cara yang sesuai aturan, walaupun prosesnya sering kali lebih panjang.","1","0",NULL
"1379","371","b","Saya bersedia mencoba pendekatan yang tidak biasa atau di luar prosedur resmi jika itu lebih cepat membantu menyelesaikan masalah.","0","0",NULL
"1380","372","a","Saya cenderung mengikuti keputusan kelompok agar tidak dianggap pembangkang.","0","0",NULL
"1381","372","b","Saya membuat keputusan berdasarkan penilaian pribadi walau berbeda dengan rekan kerja","1","0",NULL
"1382","373","a","Saya cenderung mengikuti keputusan kelompok agar tidak dianggap pembangkang.","1","0",NULL
"1383","373","b","Saya membuat keputusan berdasarkan penilaian pribadi walau berbeda dengan rekan kerja","0","0",NULL
"1384","374","a","Saya cenderung fokus pada potensi risiko dalam suatu situasi.","0","0",NULL
"1385","374","b","Saya cenderung fokus pada peluang keuntungan dalam suatu situasi.","1","0",NULL
"1386","375","a","Saya lebih nyaman dengan solusi bertahap meski butuh waktu dan proses.","0","0",NULL
"1387","375","b","Saya kadang lebih memilih langkah cepat daripada menunggu solusi yang lebih ideal.","1","0",NULL
"1388","376","a","Wajar jika sesekali menggunakan fasilitas di tempat kerja untuk keperluan pribadi yang tidak mengganggu pekerjaan.","1","0",NULL
"1389","376","b","Fasilitas di tempat kerja sebaiknya hanya digunakan untuk keperluan pekerjaan selama jam kerja.","0","0",NULL
"1390","377","a","Saya percaya individu harus menjaga prinsip moral meski kadang situasinya tidak mudah.","0","0",NULL
"1391","377","b","Saya mengerti jika kadang kebutuhan hidup membuat orang memilih jalan yang berbeda atau tidak seharusnya.","1","0",NULL
"1392","378","a","Saya menyesuaikan pendekatan kerja agar tetap efisien, meskipun tidak selalu mengikuti prosedur secara ketat.","1","0",NULL
"1393","378","b","Saya tetap berusaha menjaga kesesuaian dengan aturan, meskipun itu membuat proses kerja jadi lebih lama atau rumit.","0","0",NULL
"1394","379","a","Saya cenderung menolak pengaruh yang saya anggap tidak sesuai dengan nilai pribadi.","0","0",NULL
"1395","379","b","Saya cenderung dapat terbawa arus lingkungan kerja meski awalnya ragu terhadap praktiknya.","1","0",NULL
"1396","380","a","Saya mengandalkan intuisi dalam menilai apakah suatu tindakan aman dilakukan.","1","0",NULL
"1397","380","b","Saya lebih memilih menggunakan data atau prosedur yang pasti dalam menilai suatu risiko.","0","0",NULL
"1398","381","a","Dalam beberapa situasi, saya lebih mengandalkan insting daripada terlalu banyak pertimbangan","1","0",NULL
"1399","381","b","Saya biasanya mempertimbangkan dulu dampak dari setiap keputusan yang penting.","0","0",NULL
"1400","382","a","Menyampaikan informasi dengan mempertimbangkan situasi dan dampaknya sering kali lebih efektif dalam menjaga harmoni dalam lingkungan kerja.","0","0",NULL
"1401","382","b","Bersikap terbuka dan transparan dalam menyampaikan informasi dapat membangun kepercayaan di lingkungan kerja.","1","0",NULL
"1402","383","a","Saya lebih memilih tetap mengikuti prosedur resmi, meskipun prosesnya lebih lama dan memerlukan dana lebih.","0","0",NULL
"1403","383","b","Saya lebih memilih pendekatan yang lebih hemat dan efisien secara biaya, meskipun tidak sepenuhnya mengikuti prosedur.","1","0",NULL
"1404","384","a","Saya menyimpan sisa barang yang masih layak pakai untuk digunakan lagi nanti.","1","0",NULL
"1405","384","b","Saya kembalikan sisa barang ke tempat penyimpanan sesuai aturan.","0","0",NULL
"1406","385","a","Saya tetap mendukung keputusan kelompok walau merasa ada yang tidak sesuai demi menjaga kekompakan kelompok.","0","0",NULL
"1407","385","b","Saya menyampaikan dan mempertanyakan keputusan kelompok jika terlihat ada yang tidak sesuai dengan aturan.","1","0",NULL
"1408","386","a","Saya tetap berpegang pada aturan, meskipun dalam kondisi yang terasa tidak mendukung.","1","0",NULL
"1409","386","b","Saya kadang menyesuaikan aturan jika merasa situasinya tidak memungkinkan mengikuti prosedur secara penuh.","0","0",NULL
"1410","387","a","Saya lebih suka segera mengambil tindakan saat merasa ada peluang, sebelum terlambat.","0","0",NULL
"1411","387","b","Saya biasanya menunda dulu dan mempertimbangkan suatu hal, meskipun risiko kehilangan peluang atau kesempatan.","1","0",NULL
"1412","388","a","Kejujuran adalah prinsip yang tidak boleh dikompromikan dalam situasi apa pun di tempat kerja.","1","0",NULL
"1413","388","b","Terkadang tidak menyampaikan seluruh kebenaran diperlukan untuk melindungi tim atau menghindari konflik yang tidak perlu.","0","0",NULL
"1414","389","a","Saya berorientasi pada hasil akhir dalam memenuhi kebutuhan finansial.","0","0",NULL
"1415","389","b","Saya berorientasi pada proses yang saya tempuh dalam memenuhi kebutuhan finansial.","1","0",NULL
"1416","390","a","Saya lebih memilih menunggu instruksi resmi untuk memastikan tindakan saya nantinya tidak keliru.","1","0",NULL
"1417","390","b","Saya cenderung bertindak dulu untuk menyelesaikan masalah secepatnya, lalu akan menjelaskannya di akhir jika perlu.","0","0",NULL
"1418","391","a","Demi menjaga solidaritas dalam situasi sulit saya tetap berusaha berpihak pada rekan kerja walaupun terdapat hal yang saya ragukan.","0","0",NULL
"1419","391","b","Saya lebih memilih menjaga prinsip yang saya pegang meskipun membuat hubungan dengan rekan kerja menjadi renggang dan tidak nyaman.","1","0",NULL
"1420","392","a","Saya cenderung menunggu penjelasan jika aturan dan prosedur belum pasti.","1","0",NULL
"1421","392","b","Saya tetap melanjutkan pekerjaan meskipun aturan atau prosedur belum sepenuhnya jelas.","0","0",NULL
"1422","393","a","Saya memilih untuk segera mengambil tindakan agar peluang tidak terlewat, selama tidak merugikan pihak lain.","0","0",NULL
"1423","393","b","Saya lebih nyaman menunggu arahan atau kepastian terlebih dahulu, meskipun itu berarti peluang bisa terlewat.","1","0",NULL
"1424","394","a","Saya rasa sesekali terpikir untuk mengambil barang di tempat kerja itu wajar, selama tidak benar-benar dilakukan.","0","0",NULL
"1425","394","b","Penting untuk selalu menjaga pikiran dan niat tetap positif terhadap properti perusahaan.","1","0",NULL
"1426","395","a","Saya bisa memahami jika seseorang merasa berhak mengambil lebih karena merasa sistem kompensasi tidak adil.","0","0",NULL
"1427","395","b","Saya akan menyampaikan pada pihak terkait apabila terdapat sistem kompensasi yang tidak adil.","1","0",NULL
"1428","396","a","Saya cenderung menunggu arahan atau memastikan prosedur yang tepat meskipun bisa memperlambat penyelesaian masalah.","1","0",NULL
"1429","396","b","Saya biasanya mengambil langkah dulu yang menurut saya paling efektif dan akan menyampaikan laporan bila memang perlu.","0","0",NULL
"1430","397","a","Saya cenderung mengikuti kebiasaan kerja yang sudah diterima kelompok meskipun meragukan keabsahannya.","0","0",NULL
"1431","397","b","Saya berhati-hati dan memilih tidak terlibat dalam praktik kerja yang melanggar aturan meski berakhir dikucilkan kelompok.","1","0",NULL
"1432","398","a","Saya percaya suatu aturan harus tetap diikuti meskipun dalam kondisi yang tidak menguntungkan.","1","0",NULL
"1433","398","b","Menurut saya dalam situasi tertentu wajar jika orang menyesuaikan atau melonggarkan aturan selama tidak merugikan orang lain secara langsung.","0","0",NULL
"1434","399","a","Saya lebih nyaman menimbang terlebih dahulu akan dampak jangka panjang meskipun akhirnya membuat proses pengambilan keputusan menjadi lebih lama.","1","0",NULL
"1435","399","b","Saya kadang bertindak berdasarkan dorongan situasi tanpa banyak pertimbangan ke depan.","0","0",NULL
"1436","400","a","Saya biasanya memilih tidak terlibat dalam urusan rekan kerja lain, kecuali jika hal tersebut benar-benar berdampak langsung pada pekerjaan atau diri saya.","0","0",NULL
"1437","400","b","Jika melihat sesuatu yang kurang sesuai, saya cenderung akan menyampaikan langsung agar tidak menimbulkan permasalahan di kemudian hari.","1","0",NULL
"1438","401","a","Sangat Tidak Menggambarkan Diri Saya","1","0",NULL
"1439","401","b","Tidak Menggambarkan Diri Saya","2","0",NULL
"1440","401","c","Menggambarkan Diri Saya","3","0",NULL
"1441","401","d","Sangat Menggambarkan Diri Saya","4","0",NULL
"1442","402","a","Sangat Tidak Menggambarkan Diri Saya","4","0",NULL
"1443","402","b","Tidak Menggambarkan Diri Saya","3","0",NULL
"1444","402","c","Menggambarkan Diri Saya","2","0",NULL
"1445","402","d","Sangat Menggambarkan Diri Saya","1","0",NULL
"1446","403","a","Sangat Tidak Menggambarkan Diri Saya","4","0",NULL
"1447","403","b","Tidak Menggambarkan Diri Saya","3","0",NULL
"1448","403","c","Menggambarkan Diri Saya","2","0",NULL
"1449","403","d","Sangat Menggambarkan Diri Saya","1","0",NULL
"1450","404","a","Sangat Tidak Menggambarkan Diri Saya","1","0",NULL
"1451","404","b","Tidak Menggambarkan Diri Saya","2","0",NULL
"1452","404","c","Menggambarkan Diri Saya","3","0",NULL
"1453","404","d","Sangat Menggambarkan Diri Saya","4","0",NULL
"1454","405","a","Sangat Tidak Menggambarkan Diri Saya","4","0",NULL
"1455","405","b","Tidak Menggambarkan Diri Saya","3","0",NULL
"1456","405","c","Menggambarkan Diri Saya","2","0",NULL
"1457","405","d","Sangat Menggambarkan Diri Saya","1","0",NULL
"1458","406","a","Sangat Tidak Menggambarkan Diri Saya","1","0",NULL
"1459","406","b","Tidak Menggambarkan Diri Saya","2","0",NULL
"1460","406","c","Menggambarkan Diri Saya","3","0",NULL
"1461","406","d","Sangat Menggambarkan Diri Saya","4","0",NULL
"1462","407","a","Sangat Tidak Menggambarkan Diri Saya","4","0",NULL
"1463","407","b","Tidak Menggambarkan Diri Saya","3","0",NULL
"1464","407","c","Menggambarkan Diri Saya","2","0",NULL
"1465","407","d","Sangat Menggambarkan Diri Saya","1","0",NULL
"1466","408","a","Sangat Tidak Menggambarkan Diri Saya","4","0",NULL
"1467","408","b","Tidak Menggambarkan Diri Saya","3","0",NULL
"1468","408","c","Menggambarkan Diri Saya","2","0",NULL
"1469","408","d","Sangat Menggambarkan Diri Saya","1","0",NULL
"1470","409","a","Sangat Tidak Menggambarkan Diri Saya","1","0",NULL
"1471","409","b","Tidak Menggambarkan Diri Saya","2","0",NULL
"1472","409","c","Menggambarkan Diri Saya","3","0",NULL
"1473","409","d","Sangat Menggambarkan Diri Saya","4","0",NULL
"1474","410","a","Sangat Tidak Menggambarkan Diri Saya","1","0",NULL
"1475","410","b","Tidak Menggambarkan Diri Saya","2","0",NULL
"1476","410","c","Menggambarkan Diri Saya","3","0",NULL
"1477","410","d","Sangat Menggambarkan Diri Saya","4","0",NULL
"1478","411","a","Sangat Tidak Menggambarkan Diri Saya","4","0",NULL
"1479","411","b","Tidak Menggambarkan Diri Saya","3","0",NULL
"1480","411","c","Menggambarkan Diri Saya","2","0",NULL
"1481","411","d","Sangat Menggambarkan Diri Saya","1","0",NULL
"1482","412","a","Sangat Tidak Menggambarkan Diri Saya","1","0",NULL
"1483","412","b","Tidak Menggambarkan Diri Saya","2","0",NULL
"1484","412","c","Menggambarkan Diri Saya","3","0",NULL
"1485","412","d","Sangat Menggambarkan Diri Saya","4","0",NULL
"1489","414","a","Benar","1","0",NULL
"1490","414","b","Salah","0","0",NULL
"1501","301","a","Melaporkan temuan kepada atasan, sambil mengajak berdiskusi rekan kerja tentang pentingnya pelaporan.","4","0",NULL
"1502","301","b","Memberitahu rekan kerja tersebut secara pribadi bahwa dia harus melaporkan kerusakan tersebut tanpa ikut campur dalam proses pelaporan.","2","0",NULL
"1503","301","c","Tidak mengambil tindakan apa pun karena percaya rekan kerja akan mencatatnya sendiri nanti saat ada waktu luang, dan Anda tidak ingin memicu konflik.","0","0",NULL
"1530","425","a","Opsi A","4","0",NULL
"1531","425","b","Opsi B","2","0",NULL
"1532","425","c","Opsi C","0","0",NULL
"1533","426","a","Opsi A","4","0",NULL
"1534","426","b","Opsi B","2","0",NULL
"1535","426","c","Opsi C","0","0",NULL
