"question_id","role","question_text","category","is_image","image_url","assessment_id","aspect_id"
"1","kkm","Mengapa petugas yang memiliki kualifikasi yang memadai harus mengawasi operasi apa pun yang berpotensi menimbulkan polusi?",NULL,NULL,NULL,"4",NULL
"2","kkm","Entalpi adalah ekspresi jumlah energi yang terikat dalam satu kilogram suatu zat. Total energi suatu zat terdiri dari:",NULL,NULL,NULL,"4",NULL
"3","kkm","Sebuah tangki berlapis menampung 400 ton air laut saat terisi penuh. Berapa ton cairan dengan berat 0,9300 liter yang dapat ditampungnya saat terisi penuh hingga 90%?",NULL,NULL,NULL,"4",NULL
"4","kkm","Rangkaian ini terdiri dari sumber tegangan V, sakelar pengubah S, resistor R, dan kapasitor C. Gambar tegangan/waktu 1 hingga 4 menunjukkan perubahan tegangan V (C) ketika sakelar S tiba-tiba dipindahkan dari posisi 1 ke 2 pada waktu t = 0. Hanya satu diagram yang benar. Manakah yang benar?",NULL,NULL,NULL,"4",NULL
"5","kkm","Mengapa semua kapal penumpang RoRo dibagi menjadi “zona” vertikal?",NULL,NULL,NULL,"4",NULL
"6","kkm","Apa nama kimia yang tepat untuk Soda Kaustik dalam bentuk cair?",NULL,NULL,NULL,"4",NULL
"7","kkm","Manual Pelatihan harus berisi instruksi dan informasi tentang peralatan penyelamat jiwa dan metode terbaik untuk bertahan hidup. Manual pelatihan harus berisi penjelasan rinci tentang tugas kru terkait situasi darurat. Manakah dari tugas atau kewajiban berikut yang harus dimasukkan dalam manual sesuai dengan peraturan yang berlaku?",NULL,NULL,NULL,"4",NULL
"8","kkm","Pada interval kalender berapakah peralatan pengangkat di atas kapal harus diuji secara tepat oleh orang yang berkompeten?",NULL,NULL,NULL,"4",NULL
"9","kkm","Menurut Peraturan SOLAS, semua tangki pemberat air laut khusus pada kapal tanker minyak harus memiliki sistem pencegahan korosi yang efisien seperti lapisan pelindung keras atau yang setara. Mengenai lapisan, apakah SOLAS menetapkan persyaratan warna?",NULL,NULL,NULL,"4",NULL
"10","kkm","Rangkaian ini terdiri dari dua induktor, L(1) = 6 H dan L(2) = 12 H, yang dihubungkan secara paralel. Hitunglah nilai L(S) ekivalen dari kedua induktor tersebut:",NULL,NULL,NULL,"4",NULL
"11","kkm","Peralatan/derek kargo harus diperiksa secara menyeluruh dan diuji bebannya secara berkala oleh perusahaan/galangan yang diakui. Seberapa sering pemeriksaan/uji beban tersebut harus dilakukan?",NULL,NULL,NULL,"4",NULL
"12","kkm","Manakah dari persyaratan yang tercantum mengenai sekoci penyelamat tahan api yang tidak sesuai dengan peraturan saat ini? Sistem semprotan air harus",NULL,NULL,NULL,"4",NULL
"13","kkm","Berapakah tekanan yang diperlukan saat menguji bagian-bagian sistem pemindahan oli (selang, lengan pemuatan, dll.) jika pengujian tersebut dimaksudkan untuk memenuhi peraturan Penjaga Pantai AS?",NULL,NULL,NULL,"4",NULL
"14","kkm","Rangkaian ini terdiri dari dua induktor, L(1) = 6 H dan L(2) = 12 H, yang dihubungkan seri. Hitung induktansi total ekuivalen L(S)",NULL,NULL,NULL,"4",NULL
"15","kkm","Mengingat banyaknya cairan kimia sensitif yang secara rutin memerlukan pencucian dinding sebelum dimasukkan, produk apa yang terutama digunakan sebagai bahan pembilas dalam pencucian dinding?",NULL,NULL,NULL,"4",NULL
"16","kkm","Perubahan signifikan apa pada persyaratan pengangkutan Minyak Nabati dalam kapal tanker yang diperkenalkan oleh amandemen MARPOL dan Kode IBC pada tanggal 1 Januari 2007?",NULL,NULL,NULL,"4",NULL
"17","kkm","Yang manakah “PANAMA LEAD” pada gambar?",NULL,NULL,NULL,"4",NULL
"18","kkm","Apa yang dimaksud dengan pencucian basah?",NULL,NULL,NULL,"4",NULL
"19","kkm","Wilayah laut A4 berada di wilayah laut lalu lintas radio maritim.",NULL,NULL,NULL,"4",NULL
"20","kkm","Dengan mengurangi daya pancar yang dimaksudkan dalam VHF adalah daya antara",NULL,NULL,NULL,"4",NULL
"21","kkm","Selama mode dupleks Anda dapat:",NULL,NULL,NULL,"4",NULL
"22","kkm","Frekuensi 121,5 MHz digunakan untuk:",NULL,NULL,NULL,"4",NULL
"23","kkm","Baterai EPIRB harus diganti:",NULL,NULL,NULL,"4",NULL
"24","kkm","Pada kapal RoRo, saat memuat kontainer bertumpuk ganda pada Trailer Maffi, berapa banyak kunci putar yang harus digunakan di antara 2 kontainer?",NULL,NULL,NULL,"4",NULL
"25","kkm","Sebagian besar kargo buah yang diangkut dengan pendingin memerlukan udara segar yang dimasukkan ke dalam ruang kargo untuk menghilangkan kelebihan karbon dioksida dan etilen yang dihasilkan oleh respirasi kargo, dan sensor dipasang untuk mendeteksi gas-gas ini. Instruksi pengirim sering kali menyatakan ""pergantian udara konstan"" sebagai persyaratan untuk kargo. Mengapa, meskipun ini merupakan metode sederhana untuk mengendalikan atmosfer ruang kargo, instruksi semacam ini diberikan?",NULL,NULL,NULL,"4",NULL
"26","kkm","Jenis kompresor apa yang digunakan sebagai kompresor kargo di atas kapal pengangkut gas?",NULL,NULL,NULL,"4",NULL
"27","kkm","Apakah perlu membuat rencana lintasan (atau rencana pelayaran) untuk melintasi kanal atau sungai saat menggunakan pilot?",NULL,NULL,NULL,"4",NULL
"28","kkm","Apakah Health & Safety Executive (HSE) memiliki wewenang dalam menangani masalah pengiriman?",NULL,NULL,NULL,"4",NULL
"29","kkm","Apa yang harus Anda lakukan jika suhu Larutan Hidrogen Peroksida 65% naik 2°C setiap 5 jam dan suhunya di atas 40 °C?",NULL,NULL,NULL,"4",NULL
"30","kkm","Lampu sorot wajib disediakan untuk navigasi malam di Terusan Suez. Manakah dari persyaratan berikut yang benar?",NULL,NULL,NULL,"4",NULL
"31","kkm","Jika kapal Anda hendak memuat gula, situasi manakah yang akan mengakibatkan ruang kargo gagal diperiksa?",NULL,NULL,NULL,"4",NULL
"32","kkm","Komponen elektronik manakah yang diwakili oleh simbol grafis ini?",NULL,NULL,NULL,"4",NULL
"33","kkm","Apakah nakhoda berkewajiban melakukan penyelidikan maritim jika seorang awak kapal menderita cedera parah di atas kapal dan meninggal setelah seminggu dirawat di rumah sakit di darat?",NULL,NULL,NULL,"4",NULL
"34","kkm","Bila terdapat keraguan mengenai kesegaran udara di ruang tertutup atau terbatas, tindakan apa yang harus diambil?",NULL,NULL,NULL,"4",NULL
"35","kkm","Anda berada di area dengan jarak pandang terbatas dan mendengar sinyal ini. Sinyal ini berulang dengan interval dua menit. Apa artinya?",NULL,NULL,NULL,"4",NULL
"36","kkm","Apa arti simbol berikut?",NULL,NULL,NULL,"4",NULL
"37","kkm","Kapan irisan sambungan silang penutup palka perlu diganti?",NULL,NULL,NULL,"4",NULL
"38","kkm","Pada kapal kontainer, apa yang menentukan bagaimana kontainer harus diikat?",NULL,NULL,NULL,"4",NULL
"39","kkm","Apa tujuan penambahan inhibitor pada setiap muatan?",NULL,NULL,NULL,"4",NULL
"40","kkm","Apa praktik yang baik saat melakukan lineblowing/pigging dari pantai?",NULL,NULL,NULL,"4",NULL
"41","kkm","Apa tujuan inspektur tak terjadwal di atas kapal?",NULL,NULL,NULL,"4",NULL
"42","kkm","Jika terjadi kematian penumpang di dalam kapal, tindakan hukum apa yang harus dilakukan oleh Nakhoda?",NULL,NULL,NULL,"4",NULL
"43","kkm","Warna suar apa yang digunakan untuk menandakan tempat pendaratan yang sangat berbahaya?",NULL,NULL,NULL,"4",NULL
"44","kkm","Apa definisi MARPOL untuk “zat dengan viskositas tinggi”?",NULL,NULL,NULL,"4",NULL
"45","kkm","Ketika membahas tentang sifat-sifat muatan minyak, apa yang dimaksud dengan “kandungan lilin”?",NULL,NULL,NULL,"4",NULL
"46","kkm","Berdasarkan aturan GMDSS, kapal dilengkapi dengan perangkat komunikasi radio tertentu tergantung pada:",NULL,NULL,NULL,"4",NULL
"47","kkm","Apa itu polimerisasi?",NULL,NULL,NULL,"4",NULL
"48","kkm","Dalam kasus ketika suhu udara sekitar sama dengan 10 °C dan angin bertiup dengan kecepatan 10 m/detik, orang yang terdampar di kapal harus memperhitungkan bahwa efek udara pada tubuhnya setara dengan efek udara yang suhunya kira-kira:",NULL,NULL,NULL,"4",NULL
"49","kkm","Apa yang harus dilakukan sebelum memasuki ruang pompa?",NULL,NULL,NULL,"4",NULL
"50","kkm","Apa tujuan “Kotak Lumpur” pada kapal tanker?",NULL,NULL,NULL,"4",NULL
"251","nahkoda","Kapal ini ditemukan di muara sungai. Menurut Peraturan Internasional untuk Mencegah Tabrakan dan bentuk-bentuk yang ditampilkan, kapal jenis apakah ini?",NULL,NULL,NULL,"11",NULL
"252","nahkoda","Perangkat ini dapat mendeteksi paket narkoba di dalam pengiriman besar persediaan kapal. Apa itu?",NULL,NULL,NULL,"11",NULL
"253","nahkoda","Tindakan segera apa yang harus diambil jika kapal tiba-tiba kandas dan berhenti?",NULL,NULL,NULL,"11",NULL
"254","nahkoda","Dua kapal berlayar dalam arah berlawanan akan saling melewati di sungai sempit, seperti ilustrasi. Jelaskan apa yang kemungkinan akan terjadi saat mereka saling melewati?",NULL,NULL,NULL,"11",NULL
"255","nahkoda","Siapa yang dapat menghubungi Petugas yang Ditunjuk (Designated Person) terkait kekhawatiran mereka tentang keselamatan?",NULL,NULL,NULL,"11",NULL
"256","nahkoda","Dari kode dua digit berikut, mana yang digunakan untuk mendapatkan bantuan maritim?",NULL,NULL,NULL,"11",NULL
"257","nahkoda","Berapa lama masa berlaku dari Sertifikat Manajemen Keselamatan (Safety Management Certificate)?",NULL,NULL,NULL,"11",NULL
"258","nahkoda","Apa tindakan yang harus diambil oleh Perwira Jaga (Officer of the Watch) ketika alat kemudi kapal mengalami kegagalan?",NULL,NULL,NULL,"11",NULL
"259","nahkoda","Pesan berikut diterima di pengendali DSC di kapal: DOO: 245329000 CH16; S distress ack 244123000. Stasiun mana yang mengirim tanda terima tanda bahaya tersebut?",NULL,NULL,NULL,"11",NULL
"260","nahkoda","Apa yang dimaksud dengan “UNDER KEEL CLEARANCE” dalam gambar berikut?",NULL,NULL,NULL,"11",NULL
"261","nahkoda","Perwira yang bertugas di anjungan kapal sering disebut sebagai OOW. Apa arti sebenarnya dari OOW?",NULL,NULL,NULL,"11",NULL
"262","nahkoda","Sinyal suara apa yang harus digunakan pada peluit kapal ketika ada orang jatuh ke laut?",NULL,NULL,NULL,"11",NULL
"263","nahkoda","Sebuah kapal yang bergerak melalui laut yang ganas dipengaruhi oleh tekanan air di haluan yang menyebabkan efek yang dikenal sebagai “Panting”. Struktur apa di bagian depan kapal yang mengatasi efek Panting ini?",NULL,NULL,NULL,"11",NULL
"264","nahkoda","Tindakan mana yang harus dilakukan awak kapal jika ditemukan benda mencurigakan yang kemungkinan merupakan bom saat pencarian?",NULL,NULL,NULL,"11",NULL
"265","nahkoda","Panggilan R/T yang tersambung melalui operator dikenakan biaya:",NULL,NULL,NULL,"11",NULL
"266","nahkoda","Apa arti dari pesan: “A yacht has capsized in heavy seas”?",NULL,NULL,NULL,"11",NULL
"267","nahkoda","Apakah aman membawa tas peralatan di tangan Anda saat menaiki tangga vertikal? Pilih opsi terbaik:",NULL,NULL,NULL,"11",NULL
"268","nahkoda","EGC adalah singkatan dari:",NULL,NULL,NULL,"11",NULL
"269","nahkoda","Ketika terjadi kebakaran di ruang mesin, siapa yang bertanggung jawab atas operasi pemadaman kebakaran?",NULL,NULL,NULL,"11",NULL
"270","nahkoda","Apa tema utama dari praktik keselamatan modern?",NULL,NULL,NULL,"11",NULL
"271","nahkoda","Di mana posisi teoritis titik poros hidrodinamis (hydrodynamic pivot point) pada kapal yang bergerak maju dengan tingkat belok (turn rate) kecil?",NULL,NULL,NULL,"11",NULL
"272","nahkoda","Ketika batang baja penguat dimuat di kontainer terbuka, klaim terhadap kapal kemungkinan besar muncul karena:",NULL,NULL,NULL,"11",NULL
"273","nahkoda","Apa yang menunjukkan awal terjadinya Parametric Rolling?",NULL,NULL,NULL,"11",NULL
"274","nahkoda","Apa perbedaan “Master’s night order” dengan “Master’s standing order” ?",NULL,NULL,NULL,"11",NULL
"275","nahkoda","Apa yang anda ketahui tentang “Master’s night order”?",NULL,NULL,NULL,"11",NULL
"276","nahkoda","Muatan bahan peledak yang dibawa dalam kontainer membutuhkan perlindungan maksimum terhadap:",NULL,NULL,NULL,"11",NULL
"277","nahkoda","Bagaimana cara mendapatkan nilai pendekatan dari Tinggi Metasentris transversal awal (GM) dari Kurva Stabilitas Statis (GZ curve)?",NULL,NULL,NULL,"11",NULL
"278","nahkoda","Bagaimana cara mendapatkan nilai pendekatan dari Tinggi Metasentris transversal awal (GM) dari Kurva Stabilitas Statis (GZ curve)?",NULL,NULL,NULL,"11",NULL
"279","nahkoda","(C/O) Jika twist lock ditemukan retak di bagian bawah, maka harus:",NULL,NULL,NULL,"11",NULL
"280","nahkoda","(C/O) Integritas tahan api dari setiap sekat (bulkhead) harus dipertahankan:",NULL,NULL,NULL,"11",NULL
"281","nahkoda","“Parametric Rollin” pada kapal kontainer menghasilkan:",NULL,NULL,NULL,"11",NULL
"282","nahkoda","Mengapa sangat penting bagi kapal kontainer untuk memiliki kapasitas ballast yang besar dan pompa ballast berkuatan tinggi?",NULL,NULL,NULL,"11",NULL
"283","nahkoda","Jika kapal Anda dilengkapi dengan kawat pada winch ""split drum"" yang dapat menyimpan sendiri, apa keuntungan dari winch tipe ini?",NULL,NULL,NULL,"11",NULL
"284","nahkoda","Tingkat pertama kontainer di bawah geladak, pada kapal kontainer non-seluler, biasanya dimuat:",NULL,NULL,NULL,"11",NULL
"285","nahkoda","Pernyataan mana yang salah terkait muatan IMDG Kelas 2?",NULL,NULL,NULL,"11",NULL
"286","nahkoda","Pengelasan dan pembakaran termasuk faktor yang memiliki risiko kebakaran tertinggi di kapal. Tindakan pencegahan harus diambil untuk menghindari risiko ini. Aturan keselamatan mana yang paling penting?",NULL,NULL,NULL,"11",NULL
"287","nahkoda","Pernyataan mana yang paling tepat menggambarkan kerusakan pada pelat lambung kapal?",NULL,NULL,NULL,"11",NULL
"288","nahkoda","Saat derrick atau crane kapal mengangkat beban dari dek, dari posisi manakah pusat gravitasi beban dianggap bekerja?",NULL,NULL,NULL,"11",NULL
"289","nahkoda","Untuk menghentikan tali tambat yang keluar, dimungkinkan untuk mengatur motor ke posisi ""heave"" serta mengaktifkan rem winch sepenuhnya. Apakah ini ide yang baik atau dapat menimbulkan masalah?",NULL,NULL,NULL,"11",NULL
"290","nahkoda","Untuk panduan dalam pengikatan kontainer di atas kapal, dokumen paling penting yang harus dirujuk adalah:",NULL,NULL,NULL,"11",NULL
"291","nahkoda","Ketika merencanakan pemuatan kontainer, petugas perencana harus merujuk pada:",NULL,NULL,NULL,"11",NULL
"292","nahkoda","Sebuah kontainer penuh besi tua sedang dimuat, dan Anda melihat air menetes dari kontainer tersebut. Apa yang harus Anda lakukan?",NULL,NULL,NULL,"11",NULL
"293","nahkoda","Bahaya yang terkait dengan pengangkutan kontainer tangki kosong adalah:",NULL,NULL,NULL,"11",NULL
"294","nahkoda","Salah satu kelompok barang berbahaya yang disorot oleh IMDG Code sebagai yang paling berbahaya untuk diangkut adalah:",NULL,NULL,NULL,"11",NULL
"295","nahkoda","Jika tangki kontainer berisi amonia cair terbakar, apa yang disarankan?",NULL,NULL,NULL,"11",NULL
"296","nahkoda","Kebakaran logam bekas dalam kontainer paling baik dipadamkan dengan cara:",NULL,NULL,NULL,"11",NULL
"297","nahkoda","Di kapal kontainer, flexitanks digunakan untuk:",NULL,NULL,NULL,"11",NULL
"298","nahkoda","Pengaruh-pengaruh oleh gerak kapal bila berlayar pada perairan dangkal, kecuali :",NULL,NULL,NULL,"11",NULL
"299","nahkoda","Apa yang dimaksud dengan istilah muatan Heavy Lift Cargo?",NULL,NULL,NULL,"11",NULL
"300","nahkoda","Langkah-langkah untuk mempersiapkan jangkar siap let-go ?",NULL,NULL,NULL,"11",NULL
"301","va_1","Saat pemeriksaan rutin, Anda menemukan bahwa rekan kerja sedang sangat sibuk dan belum sempat mencatat kerusakan kecil pada suatu alat keselamatan. Kerusakan tersebut memang tidak langsung menimbulkan bahaya, namun tentu melanggar aturan. Dari situasi tersebut apa yang akan Anda lakukan?","Integrity",NULL,NULL,"1","1"
"302","va_1","Rekan kerja Anda sering bermalas-malasan dan tidak mengerjakan tugasnya dengan baik. Hal ini membuat beban kerja Anda lebih berat dan bisa mempengaruhi kualitas pekerjaan keseluruhan. Bagaimana Anda menyikapi hal ini?","Customer Oriented",NULL,NULL,"1","2"
"303","va_1","Anda menemukan bahwa dengan sedikit perubahan pada metode atau cara perawatan suatu alat akan membuat pekerjaan bisa diselesaikan lebih cepat tanpa mengurangi kualitasnya. Namun hal ini belum pernah dilakukan sebelumnya, apa yang Anda lakukan?","Competitive",NULL,NULL,"1","3"
"304","va_1","Anda dan rekan kerja memiliki pendapat yang berbeda tentang cara menangani muatan atau pengelolaan engine kapal. Rekan Anda lebih senior dan bersikeras menggunakan caranya. Apa yang akan Anda lakukan dalam situasi tersebut?","Team Work",NULL,NULL,"1","4"
"305","va_1","Pelabuhan-pelabuhan besar mulai menggunakan sistem otomatis untuk bongkar muat yang memerlukan koordinasi digital. Bagaimana Anda menyikapi perubahan ini?","Visioner",NULL,NULL,"1","5"
"306","va_1","Atasan atau crew lain mengkritik cara kerja Anda di depan banyak crew lainnya dengan nada yang cukup keras. Anda merasa cara kerja Anda sudah benar, tapi mungkin memang masih ada yang bisa diperbaiki. Dalam situasi tersebut apa yang Anda lakukan?","Integrity",NULL,NULL,"1","1"
"307","va_1","Setelah menyelesaikan penataan kontainer di dek dalam kondisi kerja yang cukup melelahkan, Anda tiba-tiba mendapat perintah bahwa ada tambahan 3 kontainer yang harus segera dimuat karena permintaan mendesak dari pelanggan. Waktu crew hanya tersisa 1 jam (One Hour Notice) untuk bersiap. Apa yang akan Anda lakukan?","Customer Oriented",NULL,NULL,"1","2"
"308","va_1","Anda menemukan cara mengoptimalkan konsumsi bahan bakar dengan mengatur beberapa hal, tapi untuk melakukan ini butuh pemantauan harian yang cukup intensif. Apa yang akan Anda lakukan dalam situasi tersebut?","Competitive",NULL,NULL,"1","3"
"309","va_1","Crew baru dalam tim Anda sangat rajin dan inisiatif, tetapi sering mengambil keputusan sendiri tanpa melakukan koordinasi, hal tersebut terkadang mengganggu alur kerja yang telah disepakati. Bagaimana Anda merespon situasi ini?","Team Work",NULL,NULL,"1","4"
"310","va_1","Anda mendengar bahwa cuaca ekstrem bisa makin sering terjadi di jalur pelayaran dalam beberapa waktu ke depan. Untuk saat ini memang cuaca masih normal. tapi bagaimana Anda menyikapi informasi ini?","Visioner",NULL,NULL,"1","5"
"311","va_1","Demi mempermudah administrasi, Anda menemukan data konsumsi bahan bakar dilaporkan sedikit berbeda dari pemakaian sebenarnya. Selisihnya kecil dan dianggap tidak akan menimbulkan masalah. Apa yang akan Anda lakukan?","Integrity",NULL,NULL,"1","1"
"312","va_1","Tim kerja Anda terlihat lebih lambat dari biasanya karena kondisi lingkungan yang panas dan lembab. Hal ini akan membuat waktu pengerjaan lebih panjang, walaupun keselamatan kerja tetap terjaga. Apa yang akan Anda lakukan?","Customer Oriented",NULL,NULL,"1","2"
"313","va_1","Crew junior mengusulkan ide untuk meningkatkan efisiensi berdasarkan dari pengalaman di kapal sebelumnya. Idenya masuk akal namun belum pernah dicoba dan belum teruji di kapal saat ini. Bagaimana respon Anda?","Competitive",NULL,NULL,"1","3"
"314","va_1","Dua crew terlihat bersitegang saat sedang melakukan suatu pekerjaan. Salah satunya tampak marah dan bicara dengan nada tinggi, situasi ini akan dapat memicu kekerasan fisik nantinya. Apa yang akan Anda lakukan dalam situasi tersebut?","Team Work",NULL,NULL,"1","4"
"315","va_1","Rencananya dalam beberapa bulan kapal akan kedatangan beberapa crew baru yang memiliki latar belakang pengalaman berlayar internasional. Tentunya mereka bisa membawa perspektif dan cara kerja yang berbeda dari kebiasaan di kapal Anda saat ini. Apa yang akan Anda lakukan dalam situasi ini?","Visioner",NULL,NULL,"1","5"
"316","va_1","Crew senior meminta Anda tidak melaporkan insiden kecil yang tidak menyebabkan injury karena nantinya akan mempersulit administrasi dan memang tidak ada yang terluka. Apa tindakan Anda pada situasi tersebut?","Integrity",NULL,NULL,"1","1"
"317","va_1","Pihak Nautika menyampaikan keluhan dari pelanggan bahwa kualitas hasil kerja terlihat kurang memuaskan dan kurang rapi, meskipun sebenarnya masih sesuai dengan standar kontrak yang ada. Apa yang akan Anda lakukan dalam situasi tersebut?","Customer Oriented",NULL,NULL,"1","2"
"318","va_1","Anda menemukan jadwal kerja baru yang lebih efisien dan memungkinkan kru beristirahat lebih baik, tanpa mengurangi kualitas kerja. Namun, sebagian kru merasa keberatan karena sudah terbiasa dengan jadwal lama. Bagaimana Anda menyikapi hal ini?","Competitive",NULL,NULL,"1","3"
"319","va_1","Tim Anda terdiri dari crew dengan pengalaman berbeda-beda. Saat melakukan briefing terkait keselamatan kerja, salah satu crew junior sering bertanya pertanyaan-pertanyaan mendasar. Salah satu crew senior mulai terlihat tidak sabar menanggapi pertanyaan crew tersebut. Dalam situasi ini apa yang akan Anda lakukan?","Team Work",NULL,NULL,"1","4"
"320","va_1","Anda mengetahui bahwa regulasi maritim internasional akan mengalami beberapa perubahan dalam 2-3 tahun ke depan, yang mungkin akan memengaruhi cara kerja di kapal. Saat ini, memang belum ada dampak langsung pada operasional harian. Dalam situasi ini apa yang Anda lakukan?","Visioner",NULL,NULL,"1","5"
"321","va_1","Beberapa crew berencana membawa beberapa inventori yang sudah tidak terpakai untuk dijual di pelabuhan berikutnya, mereka mengajak Anda untuk bergabung. Apa yang akan Anda lakukan?","Integrity",NULL,NULL,"1","1"
"322","va_1","Jadwal pengiriman mundur beberapa jam karena mengalami kendala teknis, sebenarnya masih dalam batas normal. Namun, pihak terminal mengungkapkan bahwa mereka memiliki jadwal yang cukup ketat, bagaimana respon Anda?","Customer Oriented",NULL,NULL,"1","2"
"323","va_1","Anda menyadari bahwa beberapa pekerjaan perawatan bisa digabung agar lebih efisien dan menghemat waktu. Namun, jika digabung, perlu koordinasi tambahan antar bagian, dan ada risiko pekerjaan jadi lebih rumit. Apa yang akan Anda lakukan?","Competitive",NULL,NULL,"1","3"
"324","va_1","Saat rapat, ada satu crew yang sangat vokal dan mendominasi diskusi. Sementara itu, beberapa crew lain justru terlihat diam dan tampak terintimidasi. Hal ini membuat ide-ide penting dari anggota lain bisa tidak tersampaikan. Apa yang akan Anda lakukan?","Team Work",NULL,NULL,"1","4"
"325","va_1","Beban kerja tim crew Anda saat ini sudah terdistribusi dengan baik dan semua pekerjaan dapat diselesaikan sesuai target. Namun, Anda mendengar bahwa akan ada rencana penambahan rute pelayaran yang akan meningkatkan intensitas operasional. Dalam situasi ini apa yang akan Anda lakukan?","Visioner",NULL,NULL,"1","5"
"326","va_1","Dalam suatu rapat, Anda diminta untuk berpendapat terkait cara memperbaiki koordinasi antar departemen. Anda memiliki ide, namun takut ide tersebut menyinggung senior Anda. Apa yang Anda lakukan?","Integrity",NULL,NULL,"1","1"
"327","va_1","Antrean panjang di terminal menyebabkan waktu tunggu menjadi lama. Sebenarnya, hal ini normal di terminal tersebut tapi tentunya pihak Nautica tidak mau tahu akan kondisi ini. Bagaimana Anda menangani situasi ini?","Customer Oriented",NULL,NULL,"1","2"
"328","va_1","Atasan Anda memberikan feedback terkait metode kerja Anda bahwa metode yang Anda lakukan saat ini terlalu lama, dan Anda diminta untuk lebih efisien. Dari masukan tersebut apa yang akan Anda lakukan?","Competitive",NULL,NULL,"1","3"
"329","va_1","Seorang crew sering berbicara kasar ke junior dan beberapa crew lainnya. Beberapa crew lain mulai merasa risih dan enggan bekerja sama dengannya. Dalam situasi tersebut apa yang akan Anda lakukan?","Team Work",NULL,NULL,"1","4"
"330","va_1","Program training dan development crew di kapal sudah berjalan sesuai jadwal mandatory yang ditetapkan tim SPM. Namun, Anda melihat ada beberapa skill yang mungkin akan semakin penting di masa depan tapi belum masuk dalam program training saat ini. Apa yang akan Anda lakukan dalam situasi tersebut?","Visioner",NULL,NULL,"1","5"
"331","va_1","Dalam suatu obrolan santai, seorang crew bercerita bahwa dia sering merapikan catatan operasional di log book agar terlihat lebih rapi dan memudahkan pemeriksaan. Dia bilang hal ini biasa dan sudah dilakukan sejak lama, dari situasi ini bagaimana sikap Anda?","Integrity",NULL,NULL,"1","1"
"332","va_1","Tim menemukan bahwa pengaturan barang di kapal saat ini masih bisa dioptimalkan, walaupun saat ini sudah sesuai dengan standar keselamatan. Kondisi ini bisa mempengaruhi efisiensi dan kelancaran proses bongkar muat selanjutnya. Apa yang akan Anda lakukan?","Customer Oriented",NULL,NULL,"1","2"
"333","va_1","Tim SPM (Ship Personnel Management) memberikan materi pelatihan baru tentang optimalisasi kerja. Untuk saat ini Anda belum sepenuhnya memahami isi pelatihan tersebut. Apa yang akan Anda lakukan?","Competitive",NULL,NULL,"1","3"
"334","va_1","Crew yang menjadi rekan kerja Anda sering kali membuat kesalahan yang berpotensi menghambat kinerja lainnya. Anda mulai kesal akan hal tersebut, tetapi pekerjaan tetap harus selesai, bagaimana sikap Anda dalam situasi tersebut?","Team Work",NULL,NULL,"1","4"
"335","va_1","Performa tim Anda dalam menyelesaikan tugas sudah konsisten dan memenuhi target yang ditetapkan. Namun, Anda melihat ada peluang untuk meningkatkan kualitas hasil kerja melalui penyempurnaan metode atau cara yang digunakan. Apa yang akan Anda lakukan?","Visioner",NULL,NULL,"1","5"
"336","va_1","Saat proses bongkar muat di pelabuhan, Anda melihat beberapa crew melakukan cara yang lebih cepat, hal tersebut sedikit menyimpang dari prosedur standar. Namun, mereka bilang bahwa hal ini sudah biasa dan aman serta selesai lebih cepat. Pada situasi tersebut bagaimana Anda akan bersikap?","Integrity",NULL,NULL,"1","1"
"337","va_1","Anda menemukan muatan yang harusnya kering dan bersih ternyata sedikit lembab dan ada kotoran, karena crew kurang teliti saat persiapan. Apa yang akan Anda lakukan?","Customer Oriented",NULL,NULL,"1","2"
"338","va_1","Anda mendengar bahwa crew sering terburu-buru saat menangani muatan, sehingga memicu timbulnya kotoran atau lembab yang seharusnya bisa dihindari. Apabila dibiarkan tentunya akan berdampak pada kualitas muatan, dari situasi tersebut apa yang akan Anda lakukan?","Competitive",NULL,NULL,"1","3"
"339","va_1","Dalam suasana kerja yang padat, Anda merasa hampir kehilangan kesabaran karena rekan kerja sering melakukan kesalahan meski sudah diingatkan. Dalam situasi ini apa yang akan Anda lakukan?","Team Work",NULL,NULL,"1","4"
"340","va_1","Tim Anda sudah bekerja dengan baik dalam menangani tugas-tugas rutin. Namun, Anda mengetahui bahwa beberapa komponen atau sistem penting akan mulai memasuki masa kritis dalam 1-2 tahun ke depan. Apa langkah yang Anda ambil?","Visioner",NULL,NULL,"1","5"
"341","va_2","1",NULL,NULL,NULL,"2","6"
"342","va_2","2",NULL,NULL,NULL,"2","6"
"343","va_2","3",NULL,NULL,NULL,"2","6"
"344","va_2","4",NULL,NULL,NULL,"2","6"
"345","va_2","5",NULL,NULL,NULL,"2","6"
"346","va_2","6",NULL,NULL,NULL,"2","6"
"347","va_2","7",NULL,NULL,NULL,"2","6"
"348","va_2","8",NULL,NULL,NULL,"2","6"
"349","va_2","9",NULL,NULL,NULL,"2","6"
"350","va_2","10",NULL,NULL,NULL,"2","6"
"351","va_2","11",NULL,NULL,NULL,"2","6"
"352","va_2","12",NULL,NULL,NULL,"2","6"
"353","va_2","13",NULL,NULL,NULL,"2","6"
"354","va_2","14",NULL,NULL,NULL,"2","6"
"355","va_2","15",NULL,NULL,NULL,"2","6"
"356","va_2","16",NULL,NULL,NULL,"2","6"
"357","va_2","17",NULL,NULL,NULL,"2","6"
"358","va_2","18",NULL,NULL,NULL,"2","6"
"359","va_2","19",NULL,NULL,NULL,"2","6"
"360","va_2","20",NULL,NULL,NULL,"2","6"
"361","va_2","21",NULL,NULL,NULL,"2","6"
"362","va_2","22",NULL,NULL,NULL,"2","6"
"363","va_2","23",NULL,NULL,NULL,"2","6"
"364","va_2","24",NULL,NULL,NULL,"2","6"
"365","va_2","25",NULL,NULL,NULL,"2","6"
"366","va_2","26",NULL,NULL,NULL,"2","6"
"367","va_2","27",NULL,NULL,NULL,"2","6"
"368","va_2","28",NULL,NULL,NULL,"2","6"
"369","va_2","29",NULL,NULL,NULL,"2","6"
"370","va_2","30",NULL,NULL,NULL,"2","6"
"371","va_2","31",NULL,NULL,NULL,"2","6"
"372","va_2","32",NULL,NULL,NULL,"2","6"
"373","va_2","33",NULL,NULL,NULL,"2","6"
"374","va_2","34",NULL,NULL,NULL,"2","6"
"375","va_2","35",NULL,NULL,NULL,"2","6"
"376","va_2","36",NULL,NULL,NULL,"2","6"
"377","va_2","37",NULL,NULL,NULL,"2","6"
"378","va_2","38",NULL,NULL,NULL,"2","6"
"379","va_2","39",NULL,NULL,NULL,"2","6"
"380","va_2","40",NULL,NULL,NULL,"2","6"
"381","va_2","41",NULL,NULL,NULL,"2","6"
"382","va_2","42",NULL,NULL,NULL,"2","6"
"383","va_2","43",NULL,NULL,NULL,"2","6"
"384","va_2","44",NULL,NULL,NULL,"2","6"
"385","va_2","45",NULL,NULL,NULL,"2","6"
"386","va_2","46",NULL,NULL,NULL,"2","6"
"387","va_2","47",NULL,NULL,NULL,"2","6"
"388","va_2","48",NULL,NULL,NULL,"2","6"
"389","va_2","49",NULL,NULL,NULL,"2","6"
"390","va_2","50",NULL,NULL,NULL,"2","6"
"391","va_2","51",NULL,NULL,NULL,"2","6"
"392","va_2","52",NULL,NULL,NULL,"2","6"
"393","va_2","53",NULL,NULL,NULL,"2","6"
"394","va_2","54",NULL,NULL,NULL,"2","6"
"395","va_2","55",NULL,NULL,NULL,"2","6"
"396","va_2","56",NULL,NULL,NULL,"2","6"
"397","va_2","57",NULL,NULL,NULL,"2","6"
"398","va_2","58",NULL,NULL,NULL,"2","6"
"399","va_2","59",NULL,NULL,NULL,"2","6"
"400","va_2","60",NULL,NULL,NULL,"2","6"
"401","va_3","Saya pernah mengatasi hambatan untuk menaklukkan tantangan penting.",NULL,NULL,NULL,"3","7"
"402","va_3","Ide dan proyek baru terkadang mengalihkan perhatian saya dari proyek sebelumnya.",NULL,NULL,NULL,"3","7"
"403","va_3","Minat atau ketertarikan saya sering berubah dari tahun ke tahun.",NULL,NULL,NULL,"3","7"
"404","va_3","Saya tidak mudah putus asa ketika menghadapi kegagalan atau hambatan.",NULL,NULL,NULL,"3","7"
"405","va_3","Saya sangat tertarik pada suatu hal tapi kemudian kehilangan minat setelah beberapa waktu.",NULL,NULL,NULL,"3","7"
"406","va_3","Saya adalah orang yang rajin dan pekerja keras.",NULL,NULL,NULL,"3","7"
"407","va_3","Saya sering menetapkan suatu tujuan, namun kemudian memilih untuk mengejar tujuan yang berbeda.",NULL,NULL,NULL,"3","7"
"408","va_3","Saya kesulitan mempertahankan fokus pada proyek yang membutuhkan waktu lama atau lebih dari beberapa bulan untuk diselesaikan.",NULL,NULL,NULL,"3","7"
"409","va_3","Saya akan menyelesaikan apa pun yang telah saya mulai.",NULL,NULL,NULL,"3","7"
"410","va_3","Saya telah atau pernah mencapai tujuan yang membutuhkan kerja keras selama bertahun-tahun.",NULL,NULL,NULL,"3","7"
"411","va_3","Saya tertarik pada hal baru atau mengejar hal baru setiap beberapa bulan.",NULL,NULL,NULL,"3","7"
"412","va_3","Saya adalah orang yang tekun.",NULL,NULL,NULL,"3","7"
"425","va_1","RESSE","Customer Oriented","0",NULL,NULL,NULL
"426","va_1","EQESSE","Integrity","0",NULL,NULL,NULL
