no,competency_type_id,level,deskripsi_perilaku,tools_training,kode,topik_training,generated_file_url,generated_pdf_url,generated_at
1,16,4,"Menjadi panutan dalam bersikap terutama dalam bertanggung jawab terhadap pekerjaan,  membangun sistem kerja yang mendorong kedisiplinan dan konsistensi,  serta menanamkan budaya kerja yang bisa dipercaya.",", The Trust Equation",M051,Building Trust,NULL,NULL,NULL
2,16,4,"Menjadi panutan dalam bersikap terutama dalam bertanggung jawab terhadap pekerjaan,  membangun sistem kerja yang mendorong kedisiplinan dan konsistensi,  serta menanamkan budaya kerja yang bisa dipercaya.",", Culture of Accountability (Craig Hickman)",M052,Culture of Accountability (Advanced),NULL,NULL,NULL
3,16,3,"Memastikan tugas tim berjalan sesuai rencana,  menyesuaikan prioritas jika adaubahan,  dan menyelesaikan persoalan secara bijak.",", SMART Goals Setting: Achievable",M053,Setting Achievable Goals,NULL,NULL,NULL
4,16,3,"Memastikan tugas tim berjalan sesuai rencana,  menyesuaikan prioritas jika ada perubahan,  dan menyelesaikan persoalan secara bijak.",", Agile Execution Mindset",M054,Rapid Execution Mindset,NULL,NULL,NULL
5,16,2,"Mengambil tanggung jawab atas pekerjaan tim,  memperbaiki kesalahan secara aktif,  menjaga konsistensi hasil kerja,  dan mendorong rekan untuk bertanggung jawab.",", The Oz Principle: Accountability Ladder",M055,Cultivating Accountability in Workplace,NULL,NULL,NULL
6,16,2,"Mengambil tanggung jawab atas pekerjaan tim,  memperbaiki kesalahan secara aktif,  menjaga konsistensi hasil kerja,  dan mendorong rekan untuk bertanggung jawab.",", GRPI Model (Goals,  Roles,  Processes,  Interpersonal Relationships)",M056,Effective and Connected Teams,NULL,NULL,NULL
7,16,1,"Menyelesaikan tugas sesuai arahan,  menjaga komitmen kerja,  mengakui kesalahan pribadi,  dan berusaha menyelesaikan masalah secara mandiri., Circle of Control vs.",Circle of Concern (7 Habit of Highly Effective People),M057,Mastering Control and Focus,NULL,NULL,NULL
8,16,1,"Menyelesaikan tugas sesuai arahan,  menjaga komitmen kerja,  mengakui kesalahan pribadi,  dan berusaha menyelesaikan masalah secara mandiri.",", Time Management",M058,Task Prioritization,NULL,NULL,NULL
9,15,4,Mendorong diri sendiri dan orang lain untuk mencapai hasil terbaik.,Driving High-Performance Culture,M059,Building High-Performance Culture,NULL,NULL,NULL
10,15,4,Mendorong diri sendiri dan orang lain untuk mencapai hasil terbaik.,OKR Framework,M060,Mastering OKRs,NULL,NULL,NULL
11,15,3,Terus-menerus berusaha mencapai target sulit dengan antusiasme dan menjadikan target sebagai tantangan pribadi.,Supervisory Growth Mindset,M061,Adaptive Leadership,NULL,NULL,NULL
12,15,3,Terus-menerus berusaha mencapai target sulit dengan antusiasme dan menjadikan target sebagai tantangan pribadi.,4DX – Four Disciplines of Execution,M062,Impactful Execution,NULL,NULL,NULL
13,15,2,Menetapkan target mingguan yang menantang dan bekerja keras untuk memenuhi atau melebihi target yang diharapkan.,Kaizen Mindset 101,M063,Kaizen for Workplace Innovation,NULL,NULL,NULL
14,15,2,Menetapkan target mingguan yang menantang dan bekerja keras untuk memenuhi atau melebihi target yang diharapkan.,SMART Goals Setting,M064,Goal Setting for Success,NULL,NULL,NULL
15,15,1,Menetapkan dan menerima target harian serta memantau kemajuan pencapaian tugas.,Time Management,M065,Maximizing Results with Time Management,NULL,NULL,NULL
16,15,1,Menetapkan dan menerima target harian serta memantau kemajuan pencapaian tugas.,Checklists & Work Documentation Essentials,M066,Building Consistent for Positive Work Habits,NULL,NULL,NULL
17,22,4,Mengidentifikasi dan memanfaatkan peluang untuk meningkatkan efisiensi kerja melalui koordinasi lintas unit kerja, serta mampu mengelola situasi yang menuntut pengambilan keputusan demi kelancaran operasional jangka panjang.,SWOT Analysis for Strategic Thinking,M067,Strategic SWOT Analysis,NULL,NULL
18,22,4,Mengidentifikasi dan memanfaatkan peluang untuk meningkatkan efisiensi kerja melalui koordinasi lintas unit kerja, serta mampu mengelola situasi yang menuntut pengambilan keputusan demi kelancaran operasional jangka panjang.,Strategic Risk Mapping,M068,Risk Mapping Strategy,NULL,NULL
19,22,3,Mengelola penggunaan peralatan dan fasilitas antar unit serta menjadi penghubung dalam menyelesaikan hambatan untuk mencapai target bersama.,T.H.I.N.K. Model,M069,Team Synergy,NULL,NULL,NULL
20,22,3,Mengelola penggunaan peralatan dan fasilitas antar unit serta menjadi penghubung dalam menyelesaikan hambatan untuk mencapai target bersama.,SMART Goals Setting,M070,Effective Goal Setting,NULL,NULL,NULL
21,22,2,Mampu berkomunikasi dan berkoordinasi dengan unit lain untuk mengatasi kendala operasional rutin dan memastikan ketersediaan peralatan dan fasilitas agar pekerjaan berjalan lancar.,Shannon-Weaver Model of Communication,M071,Effective Communication for Insight,NULL,NULL,NULL
22,22,2,Mampu berkomunikasi dan berkoordinasi dengan unit lain untuk mengatasi kendala operasional rutin dan memastikan ketersediaan peralatan dan fasilitas agar pekerjaan berjalan lancar.,Assertive Communication Ladder,M072,Basic Assertive Communication,NULL,NULL,NULL
23,22,1,"Memahami kebutuhan peralatan,  material,  dan informasi yang diperlukan untuk menyelesaikan tugas harian.",", Checklists & Work Documentation Essentials",M073,Work Documentation and Checklists,NULL,NULL,NULL
24,22,1,"Memahami kebutuhan peralatan,  material,  dan informasi yang diperlukan untuk menyelesaikan tugas harian.",", Input–Process–Output (IPO) Thinking",M074,Systematic Thinking for Work Efficiency,NULL,NULL,NULL
25,9,4,"Menjadi role model komunikasi yang baik,  membantu menyelesaikan kesalahpahaman,  dan mendorong kerja sama.",", Nonviolent Communication",M075,Advanced Effective Communication,NULL,NULL,NULL
26,9,4,"Menjadi role model komunikasi yang baik,  membantu menyelesaikan kesalahpahaman,  dan mendorong kerja sama.",", Advanced Communication Strategy",M076,Communication Strategy for Cross-Department,NULL,NULL,NULL
27,9,3,Memberi masukan yang membangun dan menggabungkan informasi dari berbagai sumber.,SBI Model (Situation–Behavior–Impact),M077,Supervisory 360° Communication,NULL,NULL,NULL
28,9,3,Memberi masukan yang membangun dan menggabungkan informasi dari berbagai sumber.,Sandwich Feedback for Supervisory,M078,Positive Feedback for Supervisor,NULL,NULL,NULL
29,9,2,Menyampaikan informasi atau pendapat dengan jelas dan terbuka, serta menerima dan memberi masukan.,Assertive Communication Ladder,M079,Basic Effective Communication,NULL,NULL
30,9,2,Menyampaikan informasi atau pendapat dengan jelas dan terbuka, serta menerima dan memberi masukan.,T.H.I.N.K. Model,M080,Cross-Department Communication,NULL,NULL
31,9,1,Memahami penjelasan sederhana dan mendengarkan dengan sikap sopan.,Shannon-Weaver Model of Communication,M081,Basic Communication,NULL,NULL,NULL
32,9,1,Memahami penjelasan sederhana dan mendengarkan dengan sikap sopan.,", Active Listening: Hearing,  Listening,  Understanding,  Responding,  Remembering",M082,Active Listening Skills,NULL,NULL,NULL
33,18,4,"Merancang sistem pemantauan dan evaluasi kepatuhan prosedur,  menetapkan kebijakan kerja yang terintegrasi,  serta membimbing orang lain agar konsisten dalam mengikuti aturan kerja.",", Compliance,  Governance,  and Control Systems",M083,Advanced Compliance System,NULL,NULL,NULL
34,18,4,"Merancang sistem pemantauan dan evaluasi kepatuhan prosedur,  menetapkan kebijakan kerja yang terintegrasi,  serta membimbing orang lain agar konsisten dalam mengikuti aturan kerja.",", Root Cause Analysis: Plan-Do-Check-Action",M084,Systematic PDCA Problem Solving,NULL,NULL,NULL
35,18,3,"Memantau kepatuhan terhadap prosedur,  mengambil tindakan korektif bila perlu,  dan menyusun standar kerja untuk mencegah kesalahan.",", Corrective Action Basics",M085,Corrective Action Essentials,NULL,NULL,NULL
36,18,3,"Memantau kepatuhan terhadap prosedur,  mengambil tindakan korektif bila perlu,  dan menyusun standar kerja untuk mencegah kesalahan.",", Creating Operational SOP & Monitoring Tools",M086,SOP & Monitoring Tools for Supervisor,NULL,NULL,NULL
37,18,2,"Menjalankan pekerjaan secara konsisten sesuai prosedur,  memeriksa hasil kerja,  dan meminta umpan balik untuk memastikan akurasi.",", Time Management",M087,Effective Time Management,NULL,NULL,NULL
38,18,2,"Menjalankan pekerjaan secara konsisten sesuai prosedur,  memeriksa hasil kerja,  dan meminta umpan balik untuk memastikan akurasi.",", Systematic Thinking in Daily Work",M088,Systematic Thinking for Daily Task,NULL,NULL,NULL
39,18,1,Memahami aturan dan prosedur kerja, serta melaksanakan tugas sesuai arahan dan standar yang berlaku.,Basic Knowledge of 5R: Seiso,M089,Maintaining Cleanliness at Work,NULL,NULL
40,18,1,Memahami aturan dan prosedur kerja, serta melaksanakan tugas sesuai arahan dan standar yang berlaku.,Checklists & Work Documentation Essentials,M090,Consistency at Work,NULL,NULL
41,3,4,"Mendorong orang lain dan memberi contoh perbaikan berkelanjutan atau suatu inovasi,  mendukung pengambilan risiko yang terukur,  dan menciptakan lingkungan yang mendukung perubahan positif.",", Leading Innovation and Change",M091,Innovation Leadership,NULL,NULL,NULL
42,3,4,"Mendorong orang lain dan memberi contoh perbaikan berkelanjutan atau suatu inovasi,  mendukung pengambilan risiko yang terukur,  dan menciptakan lingkungan yang mendukung perubahan positif.",", Kaizen Leadership: Driving Continuous Improvement",M092,Kaizen Leadership,NULL,NULL,NULL
43,3,3,"Mengusulkan pengembangan cara kerja atau proses yang lebih luas,  merencanakan ide yang berdampak pada peningkatan kinerja tim atau unit,  serta melakukan evaluasi terhadap efektivitasnya, 7 Habits of Highly Effective People : Be Proactive",,M093,Proactive Mindset,NULL,NULL,NULL
44,3,3,"Mengusulkan pengembangan cara kerja atau proses yang lebih luas,  merencanakan ide yang berdampak pada peningkatan kinerja tim atau unit,  serta melakukan evaluasi terhadap efektivitasnya, After Action Review (AAR)",,M094,Action Review for Task,NULL,NULL,NULL
45,3,2,Mencetuskan dan menerapkan ide-ide baru dalam lingkup pekerjaannya untuk menyelesaikan tugas secara efektif, serta mulai memahami dampak atau manfaat dari perbaikan yang dilakukan.,Growth Mindset (Carol Dweck),M095,Developing a Growth Mindset,NULL,NULL
46,3,2,Mencetuskan dan menerapkan ide-ide baru dalam lingkup pekerjaannya untuk menyelesaikan tugas secara efektif, serta mulai memahami dampak atau manfaat dari perbaikan yang dilakukan.,Kaizen Mindset 101,M096,Kaizen for Innovation,NULL,NULL
47,3,1,"Terbuka terhadap sudut pandang baru,  aktif mencari informasi,  dan mulai mengenali peluang perbaikan dalam pekerjaan.",", Basic Emphaty: Empathy Circle (Listening Without Fixing)",M097,Building Empathy for Continuous Improvement,NULL,NULL,NULL
48,3,1,"Terbuka terhadap sudut pandang baru,  aktif mencari informasi,  dan mulai mengenali peluang perbaikan dalam pekerjaan.",", 7 Habits of Highly Effective People: Put First Things First",M098,Effective Prioritization,NULL,NULL,NULL
49,8,4,"Mendorong rekan kerja untuk menjaga mutu layanan,  mengevaluasi hasil kerja tim,  dan mengusulkan perbaikan untuk meningkatkan kepuasan dan keandalan layanan.",", Sandwich Feedback for Supervisory",M099,Effective Feedback,NULL,NULL,NULL
50,8,4,"Mendorong rekan kerja untuk menjaga mutu layanan,  mengevaluasi hasil kerja tim,  dan mengusulkan perbaikan untuk meningkatkan kepuasan dan keandalan layanan.",", Coaching & Feedback",M100,Supervisory Coaching & Development,NULL,NULL,NULL
51,8,3,"Secara aktif memeriksa kualitas hasil kerja,  menindaklanjuti umpan balik dari atasan atau rekan kerja,  serta berinisiatif memperbaiki kekurangan.",", Agile Mindset",M101,Agile Service Mindset,NULL,NULL,NULL
52,8,3,"Secara aktif memeriksa kualitas hasil kerja,  menindaklanjuti umpan balik dari atasan atau rekan kerja,  serta berinisiatif memperbaiki kekurangan.",", Assertive Communication Ladder",M102,Assertive Communication for Supervisor,NULL,NULL,NULL
53,8,2,"Melaksanakan tugas dengan teliti,  tepat waktu,  dan mengikuti standar kerja agar hasilnya sesuai harapan pengguna layanan atau atasan.",", Pareto Analysis (80/20)",M103,Applying the 80/20 Principle,NULL,NULL,NULL
54,8,2,"Melaksanakan tugas dengan teliti,  tepat waktu,  dan mengikuti standar kerja agar hasilnya sesuai harapan pengguna layanan atau atasan.",", Eisenhower Matrix",M104,Effective Daily Prioritization,NULL,NULL,NULL
55,8,1,"Memahami pentingnya hasil kerja yang rapi,  aman,  dan sesuai prosedur untuk mendukung kepuasan pengguna layanan.",", Checklists & Work Documentation Essentials",M105,Effective Work Checklists,NULL,NULL,NULL
56,8,1,"Memahami pentingnya hasil kerja yang rapi,  aman,  dan sesuai prosedur untuk mendukung kepuasan pengguna layanan.",", Basic Knowledge of 5S: Seiton",M106,Organizing Task at Workplace,NULL,NULL,NULL
57,2,4,Membuat keputusan dalam situasi kritis atau tidak pasti dengan mempertimbangkan dampak dan risiko jangka panjang terhadap organisasi secara keseluruhan.,Strategic Risk Mapping,M107,Risk Mapping,NULL,NULL,NULL
58,2,4,Membuat keputusan dalam situasi kritis atau tidak pasti dengan mempertimbangkan dampak dan risiko jangka panjang terhadap organisasi secara keseluruhan.,", OODA Loop (Observe,  Orient,  Decide,  Act)",M108,Quick Decision Making,NULL,NULL,NULL
59,2,3,Mengintegrasikan informasi dari berbagai sumber untuk membuat keputusan rumit atau kompleks yang berdampak pada tim atau unit kerja secara keseluruhan.,", DECIDE Model (Detect,  Estimate,  Choose,  Identify,  Do,  Evaluate)",M109,Complex Decision Making,NULL,NULL,NULL
60,2,3,Mengintegrasikan informasi dari berbagai sumber untuk membuat keputusan rumit atau kompleks yang berdampak pada tim atau unit kerja secara keseluruhan.,PDCA Cycle (Plan–Do–Check–Act),M110,Process Improvement,NULL,NULL,NULL
61,2,2,Menimbang beberapa alternatif keputusan dengan mempertimbangkan risiko dan dampaknya serta memilih solusi yang paling efektif dengan kondisi yang terjadi saat itu.,", SCAN Model (Situation,  Choices,  Action,  Next Steps)",M111,Pengambilan Keputusan Berbasis Risiko di Pekerjaan Rutin,NULL,NULL,NULL
62,2,2,Menimbang beberapa alternatif keputusan dengan mempertimbangkan risiko dan dampaknya serta memilih solusi yang paling efektif dengan kondisi yang terjadi saat itu.,SWOT Analysis,M112,Systematic Decision Making,NULL,NULL,NULL
63,2,1,Mengambil keputusan rutin berdasarkan prosedur yang ada dan informasi yang tersedia dengan orientasi jangka pendek atau orientasi hanya pada hasil.,Routine Risk-Based Decision-Making,M113,Regularly Decision Making,NULL,NULL,NULL
64,2,1,Mengambil keputusan rutin berdasarkan prosedur yang ada dan informasi yang tersedia dengan orientasi jangka pendek atau orientasi hanya pada hasil.,Basic Decision-Making Skills,M114,Basic Decision Making Skills,NULL,NULL,NULL
65,14,4,"Mengelola pelaksanaan tugas secara menyeluruh dengan memastikan standar kinerja terpenuhi,  mengambil tindakan korektif terhadap penurunan kinerja,  serta menunjukkan ketegasan dalam menjaga akuntabilitas tim.",", Culture of Accountability",M115,Advanced Responsible Culture,NULL,NULL,NULL
66,14,4,"Mengelola pelaksanaan tugas secara menyeluruh dengan memastikan standar kinerja terpenuhi,  mengambil tindakan korektif terhadap penurunan kinerja,  serta menunjukkan ketegasan dalam menjaga akuntabilitas tim.",", Performance Management Fundamentals",M116,Performance Coaching,NULL,NULL,NULL
67,14,3,"Mendelegasikan tugas berdasarkan kemampuan individu,  mengidentifikasi dan mengatasi hambatan kerja,  serta secara aktif memantau perkembangan dan memberi umpan balik terarah.",", Problem Solving and Barrier Removal",M117,Problem Solving Culture,NULL,NULL,NULL
68,14,3,"Mendelegasikan tugas berdasarkan kemampuan individu,  mengidentifikasi dan mengatasi hambatan kerja,  serta secara aktif memantau perkembangan dan memberi umpan balik terarah.",", Giving and Receiving Feedback Effectively",M118,Constructive Feedback,NULL,NULL,NULL
69,14,2,"Menjelaskan ekspektasi,  batasan,  dan tanggung jawab tugas secara spesifik,  membagi beban kerja secara proporsional,  serta memastikan rekan atau bawahan memahami tujuan yang ingin dicapai.",", Delegation Matrix (Tingkat Delegasi)",M119,Effective Task Delegation,NULL,NULL,NULL
70,14,2,"Menjelaskan ekspektasi,  batasan,  dan tanggung jawab tugas secara spesifik,  membagi beban kerja secara proporsional,  serta memastikan rekan atau bawahan memahami tujuan yang ingin dicapai.",", SMART Goals Framework",M120,Setting Clear Action Plans,NULL,NULL,NULL
71,14,1,"Memberikan arahan atau petunjuk kerja yang jelas dan sesuai prosedur,  memahami ruang lingkup tugas,  serta membantu rekan atau bawahan saat menghadapi kebingungan atau kesulitan awal.",", GROW Model (Goal-Reality-Options-Way Forward)",M121,Foundations of Coaching,NULL,NULL,NULL
72,14,1,"Memberikan arahan atau petunjuk kerja yang jelas dan sesuai prosedur,  memahami ruang lingkup tugas,  serta membantu rekan atau bawahan saat menghadapi kebingungan atau kesulitan awal.",", 7 Habits of Highly Effective People: Begin with the End in Mind",M122,Basic Effective Work Strategies,NULL,NULL,NULL
73,10,4,Membaca situasi sosial dengan baik dan memilih cara komunikasi yang tepat di berbagai kondisi. Menjadi penengah saat terjadi perbedaan pendapat dan membantu tim tetap fokus pada penyelesaian tugas.,Social Intelligence at Work,M123,Workplace Social Intelligence,NULL,NULL,NULL
74,10,4,Membaca situasi sosial dengan baik dan memilih cara komunikasi yang tepat di berbagai kondisi. Menjadi penengah saat terjadi perbedaan pendapat dan membantu tim tetap fokus pada penyelesaian tugas.,Advanced Coaching for Leaders: GROW,M124,GROW Technique for Coaching,NULL,NULL,NULL
75,10,3,Memahami perasaan rekan kerja dan menyampaikan pendapat dengan cara yang tidak memicu konflik. Mampu menjaga suasana kerja tetap positif saat terjadi ketegangan.,Social Styles Model,M125,Empathy in Communication,NULL,NULL,NULL
76,10,3,Memahami perasaan rekan kerja dan menyampaikan pendapat dengan cara yang tidak memicu konflik. Mampu menjaga suasana kerja tetap positif saat terjadi ketegangan.,Three Types of Empathy (Daniel Goleman),M126,Types of Empathy,NULL,NULL,NULL
77,10,2,"Merespons keluhan atau perbedaan pendapat dengan tenang,  serta menyesuaikan cara berkomunikasi sesuai dengan situasi dan kebutuhan lawan bicara.",", 7 Habits of Highly Effective People: Seek First to Understand,  Then to Be Understood",M127,Empathy in Communication,NULL,NULL,NULL
78,10,2,Merespons keluhan atau perbedaan pendapat dengan tenang, serta menyesuaikan cara berkomunikasi sesuai dengan situasi dan kebutuhan lawan bicara.,CLEAR Communication Model,M128,Openess Communication,NULL,NULL
79,10,1,Menjalin hubungan kerja yang baik dengan berbagai tipe orang. Menjelaskan informasi atau prosedur dengan tenang kepada orang yang mengalami kesulitan memahaminya.,Social Styles Model,M129,Basic Emphaty for Effective Communication,NULL,NULL,NULL
80,10,1,Menjalin hubungan kerja yang baik dengan berbagai tipe orang. Menjelaskan informasi atau prosedur dengan tenang kepada orang yang mengalami kesulitan memahaminya.,Basic Emphaty: Empathy Circle (Listening Without Fixing),M130,Empathy for Active Listening,NULL,NULL,NULL
81,5,4,Mendorong orang lain atau seluruh anggota unit kerja untuk menyesuaikan diri terhadap perubahan secara efektif dan profesional.,Situational Leadership Model (Hersey & Blanchard),M131,Situational Leadership,NULL,NULL,NULL
82,5,4,Mendorong orang lain atau seluruh anggota unit kerja untuk menyesuaikan diri terhadap perubahan secara efektif dan profesional.,Cynefin Framework,M132,Adaptive Decision Making,NULL,NULL,NULL
83,5,3,"Menganalisis kebutuhan situasi dan menentukan cara kerja yang paling sesuai,  serta menyesuaikan pendekatan atau cara kerja berdasarkan perubahan kondisi di lapangan,  perbedaan budaya,  atau dinamika kelompok.",", 7 Habits of Highly Effective People : Be Proactive",M133,Proactive Leadership,NULL,NULL,NULL
84,5,3,"Menganalisis kebutuhan situasi dan menentukan cara kerja yang paling sesuai,  serta menyesuaikan pendekatan atau cara kerja berdasarkan perubahan kondisi di lapangan,  perbedaan budaya,  atau dinamika kelompok.",", ADKAR Model (Prosci)",M134,ADKAR Change Management,NULL,NULL,NULL
85,5,2,Menyesuaikan perilaku kerja dengan situasi atau rekan kerja yang berbeda, tanpa mengganggu aturan atau prosedur utama dengan tujuan menjaga efektivitas kerja.,Cognitive Flexibility Framework,M135,Cognitive Flexibility in Work,NULL,NULL
86,5,2,Menyesuaikan perilaku kerja dengan situasi atau rekan kerja yang berbeda, tanpa mengganggu aturan atau prosedur utama dengan tujuan menjaga efektivitas kerja.,Situational Communication: Flexing Your Style,M136,Adapting Your Communication Style,NULL,NULL
87,5,1,Menerima perubahan cara kerja atau pendapat orang lain, serta menyadari bahwa situasi kerja bisa berbeda dan tidak selalu ideal.,Adaptability in the Workplace,M137,Adaptability in a Changing Workplace,NULL,NULL
88,5,1,Menerima perubahan cara kerja atau pendapat orang lain, serta menyadari bahwa situasi kerja bisa berbeda dan tidak selalu ideal.,Managing Ambiguity and Uncertainty,M138,Managing Uncertainty and Ambiguity,NULL,NULL
89,17,4,"Membimbing pelaksanaan instruksi dalam tim,  memastikan kesesuaian dengan prosedur,  dan mendukung kelancaran pelaksanaan tugas unit kerja secara menyeluruh.",", Standardized Work and Operational Discipline",M139,Operational Discipline,NULL,NULL,NULL
90,17,4,"Membimbing pelaksanaan instruksi dalam tim,  memastikan kesesuaian dengan prosedur,  dan mendukung kelancaran pelaksanaan tugas unit kerja secara menyeluruh.",", Advanced Coaching for Leaders",M140,Leadership Coaching Advanced,NULL,NULL,NULL
91,17,3,Konsisten melaksanakan instruksi yang rumit atau kompleks dengan baik atau akurat, mengajukan pertanyaan klarifikasi jika diperlukan dan memastikan hasil kerja sesuai dengan yang diharapkan dan standar yang diterapkan.,Error-Proofing with Poka-Yoke,M141,Error-Proofing Techniques,NULL,NULL
92,17,3,Konsisten melaksanakan instruksi yang rumit atau kompleks dengan baik atau akurat, mengajukan pertanyaan klarifikasi jika diperlukan dan memastikan hasil kerja sesuai dengan yang diharapkan dan standar yang diterapkan.,Job Instruction Training (JIT),M142,Effective Job Instruction,NULL,NULL
93,17,2,Melaksanakan instruksi dengan konsisten dalam tugas rutin serta memahami kaitannya dengan hasil kerja yang diharapkan.,PDCA Cycle (Plan–Do–Check–Act),M143,Continuous Improvement with PDCA,NULL,NULL,NULL
94,17,2,Melaksanakan instruksi dengan konsisten dalam tugas rutin serta memahami kaitannya dengan hasil kerja yang diharapkan.,7 Habits of Highly Effective People: Be Proactive,M144,Taking Personal Responsibility,NULL,NULL,NULL
95,17,1,Memahami pentingnya mengikuti instruksi dan prosedur kerja, serta menunjukkan kesediaan untuk menerima arahan dari atasan.,Kaizen Mindset 101,M145,Implementing Kaizen for Efficiency,NULL,NULL
96,17,1,Memahami pentingnya mengikuti instruksi dan prosedur kerja, serta menunjukkan kesediaan untuk menerima arahan dari atasan.,Basic Knowledge of 5S: Shitsuke,M146,5S for Workplace Discipline,NULL,NULL
97,20,4,Menjadi role model dalam menjaga nilai dan prinsip organisasi, mengambil keputusan sulit dengan mempertimbangkan etika, serta mendorong orang lain untuk bersikap jujur dan adil.,Strategic Thinking untuk Manager,M147,Strategic Thinking for Managerial,NULL
98,20,4,"Menjadi role model dalam menjaga nilai dan prinsip organisasi,  mengambil keputusan sulit dengan mempertimbangkan etika,  serta mendorong orang lain untuk bersikap jujur dan adil.",", Ethical Decision Making",M148,Ethical Leadership,NULL,NULL,NULL
99,20,3,"Konsisten bersikap etis dalam situasi yang rumit,  mempertimbangkan dampak moral dari keputusan,  dan tetap melakukan hal yang benar walaupun berisiko secara pribadi.",", Postconventional Moral Thinking",M149,Moral Ethics Behavior,NULL,NULL,NULL
100,20,3,"Konsisten bersikap etis dalam situasi yang rumit,  mempertimbangkan dampak moral dari keputusan,  dan tetap melakukan hal yang benar walaupun berisiko secara pribadi.",", Leading by Example: Supervisory Role Model",M150,Supervisory Leadership,NULL,NULL,NULL
101,20,2,Bertindak adil dan jujur meskipun menghadapi ketidaknyamanan, serta menyadari konsekuensi dari tindakan yang dilakukan.,7 Habits of Highly Effective People : Be Proactive,M151,Taking Ownership of Actions,NULL,NULL
102,20,2,Bertindak adil dan jujur meskipun menghadapi ketidaknyamanan, serta menyadari konsekuensi dari tindakan yang dilakukan.,Compliance & Confidentiality,M152,Pilar Etika di Tempat Kerja,NULL,NULL
103,20,1,"Menunjukkan sikap jujur,  terbuka,  dan bertanggung jawab dalam situasi yang tidak berisiko,  serta memahami pentingnya bersikap benar dalam bekerja.",", Basic Knowledge of Integrity",M153,A Guide to Workplace Integrity,NULL,NULL,NULL
104,20,1,"Menunjukkan sikap jujur,  terbuka,  dan bertanggung jawab dalam situasi yang tidak berisiko,  serta memahami pentingnya bersikap benar dalam bekerja., T.H.I.N.K.",Model,M154,Communicating with Integrity,NULL,NULL,NULL
105,12,4,"Menjadi panutan dalam menerapkan nilai-nilai kerja yang positif,  membangun kepercayaan melalui komunikasi yang efektif dan inspiratif,  serta memimpin kelompok secara strategis untuk mencapai hasil optimal., Leadership Competency in Industry 5.",0,M155,Leadership on Industry 5.0,NULL,NULL,NULL
106,12,4,"Menjadi panutan dalam menerapkan nilai-nilai kerja yang positif,  membangun kepercayaan melalui komunikasi yang efektif dan inspiratif,  serta memimpin kelompok secara strategis untuk mencapai hasil optimal.",", Leading High-Performing Teams with Tuckman’s Model",M156,Build High-Performance Teams,NULL,NULL,NULL
107,12,3,"Mengelola tim atau kelompok secara aktif dengan memberikan arahan yang jelas,  menjelaskan tujuan bersama,  serta mendorong rekan kerja atau bawahan untuk meningkatkan kinerja dan kapasitas diri.",", GRPI Model (Goals,  Roles,  Processes,  Interpersonal)",M157,Team Development Effectivity,NULL,NULL,NULL
108,12,3,"Mengelola tim atau kelompok secara aktif dengan memberikan arahan yang jelas,  menjelaskan tujuan bersama,  serta mendorong rekan kerja atau bawahan untuk meningkatkan kinerja dan kapasitas diri.",", Sandwich Feedback for Supervisory",M158,Effective Positive Feedback,NULL,NULL,NULL
109,12,2,"Menumbuhkan semangat kerja tim dengan memberi apresiasi pada anggota,  mengenali potensi dan kebutuhan rekan kerja atau bawahan,  serta secara aktif mendorong keterlibatan dan kolaborasi dalam penyelesaian suatu tugas atau pekerjaan.",", Leader vs Boss Comparison Model",M159,Leader vs Boss: Leadership Styles,NULL,NULL,NULL
110,12,2,"Menumbuhkan semangat kerja tim dengan memberi apresiasi pada anggota,  mengenali potensi dan kebutuhan rekan kerja atau bawahan,  serta secara aktif mendorong keterlibatan dan kolaborasi dalam penyelesaian suatu tugas atau pekerjaan.",", Ken Blanchard’s Situational Leadership Model",M160,Becoming an Adaptive Leader,NULL,NULL,NULL
111,12,1,Menunjukkan peran kepemimpinan dengan menjadi contoh positif dalam menyelesaikan tugas, memberikan dukungan kepada rekan kerja atau bawahan.,T.H.I.N.K. Model,M161,Enhancing Team Communication,NULL,NULL
112,12,1,Menunjukkan peran kepemimpinan dengan menjadi contoh positif dalam menyelesaikan tugas, memberikan dukungan kepada rekan kerja atau bawahan.,Kaizen Mindset 101,M162,Kaizen for Continuous Improvement,NULL,NULL
113,1,4,Memimpin perubahan yang terjadi dan membangun budaya yang adaptif melalui komunikasi efektif dan kesiapan dalam menghadapi perubahan.,Force Field Analysis,M163,Change Force Analysis,NULL,NULL,NULL
114,1,4,Memimpin perubahan yang terjadi dan membangun budaya yang adaptif melalui komunikasi efektif dan kesiapan dalam menghadapi perubahan.,", OODA Loop (Observe,  Orient,  Decide,  Act)",M164,Decision Making during Crisis,NULL,NULL,NULL
115,1,3,Merencanakan dan melaksanakan perubahan dengan melibatkan berbagai pihak dan mengurangi penolakan terhadap perubahan yang akan terjadi.,RACI Model for Manager,M165,RACI for Managers,NULL,NULL,NULL
116,1,3,Merencanakan dan melaksanakan perubahan dengan melibatkan berbagai pihak dan mengurangi penolakan terhadap perubahan yang akan terjadi.,ADKAR Model (Prosci),M166,Managing Organizational Change,NULL,NULL,NULL
117,1,2,Mengidentifikasi hambatan dalam proses perubahan dan mencari solusi agar proses perubahan dapat berjalan dengan lancar.,Strategic Problem Solving & Root Cause Analysis (Fishbone),M167,Mastering Strategic Problem Solving,NULL,NULL,NULL
118,1,2,Mengidentifikasi hambatan dalam proses perubahan dan mencari solusi agar proses perubahan dapat berjalan dengan lancar.,PDCA Cycle (Plan–Do–Check–Act),M168,Optimizing Processes for Continuous Improvement,NULL,NULL,NULL
119,1,1,Menerima dan melaksanakan perubahan terkait pekerjaan dengan baik serta membantu rekan kerja atau bawahan memahami perubahan tersebut.,7 Habits of Highly Effective People: Synergize,M169,Driving Team Collaboration and Synergy,NULL,NULL,NULL
120,1,1,Menerima dan melaksanakan perubahan terkait pekerjaan dengan baik serta membantu rekan kerja atau bawahan memahami perubahan tersebut.,Kotter’s 8-Step Change Model,M170,Navigating Organizational Change with Confidence,NULL,NULL,NULL
121,6,4,Mengembangkan pendekatan pembelajaran yang efektif untuk situasi kompleks dan membangun budaya belajar dalam tim melalui berbagi pengalaman dan pengetahuan.,SECI Model (Nonaka & Takeuchi),M171,Knowledge Transformation,NULL,NULL,NULL
122,6,4,Mengembangkan pendekatan pembelajaran yang efektif untuk situasi kompleks dan membangun budaya belajar dalam tim melalui berbagi pengalaman dan pengetahuan.,Communities of Practice (Etienne Wenger),M172,Building Collective Learning,NULL,NULL,NULL
123,6,3,Mengambil inisiatif untuk mencoba solusi baru untuk situasi yang belum familiar, serta secara rutin mengevaluasi hasil kerja untuk pembelajaran berkelanjutan.,PDCA Cycle (Plan–Do–Check–Act),M173,Continuous Improvement at Work,NULL,NULL
124,6,3,Mengambil inisiatif untuk mencoba solusi baru untuk situasi yang belum familiar, serta secara rutin mengevaluasi hasil kerja untuk pembelajaran berkelanjutan.,After Action Review (AAR),M174,Learning from Action,NULL,NULL
125,6,2,Menerapkan pelajaran dari pengalaman sebelumnya dan mencoba pendekatan baru untuk mengatasi masalah yang tidak biasa, dengan bantuan senior atau rekan kerja.,Collaborative Problem Solving,M175,Effective Cross-Functional Team,NULL,NULL
126,6,2,Menerapkan pelajaran dari pengalaman sebelumnya dan mencoba pendekatan baru untuk mengatasi masalah yang tidak biasa, dengan bantuan senior atau rekan kerja.,Feedback Seeking Behavior,M176,Accelerating Learning and Adaptation,NULL,NULL
127,6,1,Memahami pentingnya belajar dari pengalaman dan terbuka terhadap cara-cara baru ketika menghadapi situasi yang belum pernah dialami sebelumnya.,Learning Agility Framework,M177,Accelerating Learning and Adaptation,NULL,NULL,NULL
128,6,1,Memahami pentingnya belajar dari pengalaman dan terbuka terhadap cara-cara baru ketika menghadapi situasi yang belum pernah dialami sebelumnya.,Ikigai for Learning Agility,M178,Discovering Your Learning Methods,NULL,NULL,NULL
129,13,4,"Menyusun rencana kerja tim secara menyeluruh,  menentukan prioritas,  membagi tugas sesuai kemampuan anggota tim atau crew,  dan memantau hasil secara keseluruhan.",", Root Cause Analysis: Plan-Do-Check-Action",M179,PDCA for Problem Solving,NULL,NULL,NULL
130,13,4,"Menyusun rencana kerja tim secara menyeluruh,  menentukan prioritas,  membagi tugas sesuai kemampuan anggota tim atau crew,  dan memantau hasil secara keseluruhan.",", Strategic Thinking untuk Manager",M180,Strategic Thinking for Managers,NULL,NULL,NULL
131,13,3,"Mengevaluasi cara kerja untuk meningkatkan efisiensi,  mengantisipasi potensi hambatan,  dan mencari solusi agar pekerjaan tetap berjalan lancar.",", SWOT Analysis for Strategic Thinking",M181,Strategic Planning for Supervisor,NULL,NULL,NULL
132,13,3,"Mengevaluasi cara kerja untuk meningkatkan efisiensi,  mengantisipasi potensi hambatan,  dan mencari solusi agar pekerjaan tetap berjalan lancar.",", Strategic Problem Solving & Root Cause Analysis (Fishbone)",M182,Fishbone Problem Solving,NULL,NULL,NULL
133,13,2,"Merencanakan pekerjaan dengan menetapkan tujuan,  waktu,  dan kebutuhan yang diperlukan,  serta menyesuaikan rencana saat muncul kendala.",", Kaizen Mindset 101",M183,Driving Efficiency at Work,NULL,NULL,NULL
134,13,2,"Merencanakan pekerjaan dengan menetapkan tujuan,  waktu,  dan kebutuhan yang diperlukan,  serta menyesuaikan rencana saat muncul kendala.",", 4DX – Four Disciplines of Execution",M184,Achieving Goals with 4DX,NULL,NULL,NULL
135,13,1,Mengidentifikasi kebutuhan pekerjaan dan menyusun langkah untuk menyelesaikan tugas agar sesuai dengan target serta memantau progres pekerjaan secara rutin.,Time Management,M185,Basic Time Management,NULL,NULL,NULL
136,13,1,Mengidentifikasi kebutuhan pekerjaan dan menyusun langkah untuk menyelesaikan tugas agar sesuai dengan target serta memantau progres pekerjaan secara rutin.,Input–Process–Output (IPO) Thinking,M186,Basic Systematic Thinking,NULL,NULL,NULL
137,23,4,Menyusun strategi penyelesaian masalah jangka panjang secara sistematis untuk situasi yang berdampak besar atau lintas unit fungsi atau organisasi secara keseluruhan.,Strategic Risk Mapping,M187,Risk Mapping Strategy for Manager,NULL,NULL,NULL
138,23,4,Menyusun strategi penyelesaian masalah jangka panjang secara sistematis untuk situasi yang berdampak besar atau lintas unit fungsi atau organisasi secara keseluruhan.,Root Cause Analysis: Plan-Do-Check-Action,M188,Pareto Analysis for Problem Solving,NULL,NULL,NULL
139,23,3,Menyusun dan membandingkan berbagai pilihan solusi berdasarkan analisis informasi yang komprehensif untuk mengatasi suatu permasalahan kompleks dan memilih pendekatan terbaik dan efektif.,Strategic Problem Solving & Root Cause Analysis (Fishbone),M189,Problem Solving using Root Cause,NULL,NULL,NULL
140,23,3,Menyusun dan membandingkan berbagai pilihan solusi berdasarkan analisis informasi yang komprehensif untuk mengatasi suatu permasalahan kompleks dan memilih pendekatan terbaik dan efektif.,Pareto Analysis (80/20),M190,Prioritizing Skill for Optimal Results,NULL,NULL,NULL
141,23,2,Menganalisis informasi dari berbagai sumber untuk mengidentifikasi penyebab suatu permasalahan dan menentukan solusi yang paling sesuai dengan mempertimbangkan kondisi kerja saat ini.,Decision-Making Sederhana untuk Pekerjaan Sehari-hari,M191,Decision-Making for Daily Tasks,NULL,NULL,NULL
142,23,2,Menganalisis informasi dari berbagai sumber untuk mengidentifikasi penyebab suatu permasalahan dan menentukan solusi yang paling sesuai dengan mempertimbangkan kondisi kerja saat ini.,Critical Thinking,M192,Critical Thinking for Problem Solving,NULL,NULL,NULL
143,23,1,Mengumpulkan dan memahami informasi untuk menyelesaikan permasalahan yang bersifat rutin dan berulang dengan menggunakan pendekatan yang sudah terbukti efektif.,Agile Mindset,M193,Agile Mindset for Daily Challenges,NULL,NULL,NULL
144,23,1,Mengumpulkan dan memahami informasi untuk menyelesaikan permasalahan yang bersifat rutin dan berulang dengan menggunakan pendekatan yang sudah terbukti efektif.,Kaizen Mindset 101,M194,Implementing Kaizen for Continuous Improvement,NULL,NULL,NULL
145,19,4,Membangun kolaborasi strategis dengan berbagai pihak dan memimpin upaya kerja sama jangka panjang.,Alliance Lifecycle Management,M195,Building a Solid Teamwork,NULL,NULL,NULL
146,19,4,Membangun kolaborasi strategis dengan berbagai pihak dan memimpin upaya kerja sama jangka panjang.,RACI Model for Manager,M196,Conflict Resolution for Teams,NULL,NULL,NULL
147,19,3,Menjaga hubungan kerja secara aktif dan mencari cara untuk memperbaiki atau meningkatkan kerja sama dan kolaborasi yang ada.,Sandwich Feedback for Supervisory,M197,Effective Delegation and Empowerment,NULL,NULL,NULL
148,19,3,Menjaga hubungan kerja secara aktif dan mencari cara untuk memperbaiki atau meningkatkan kerja sama dan kolaborasi yang ada.,", GRPI Model (Goals,  Roles,  Processes,  Interpersonal Relationships)",M198,Task Management for Supervisor,NULL,NULL,NULL
149,19,2,Aktif menjalin kerja sama dengan unit lain dan pihak luar agar tugas berjalan lancar.,T.H.I.N.K. Model,M199,Ethical Communication,NULL,NULL,NULL
150,19,2,Aktif menjalin kerja sama dengan unit lain dan pihak luar agar tugas berjalan lancar.,Assertive Communication Ladder,M200,Speak Clearly, Stay Respectful,NULL,NULL
151,19,1,Bersikap sopan dan terbuka dalam bekerja sama dengan orang lain. Siap membantu saat diminta.,Active Listening,M201,Active Listening for Relationships Building,NULL,NULL,NULL
152,19,1,Bersikap sopan dan terbuka dalam bekerja sama dengan orang lain. Siap membantu saat diminta.,Johari Window,M202,Self-Awareness and Interpersonal Effectiveness,NULL,NULL,NULL
153,7,4,Menjadi panutan dalam menghadapi krisis atau tekanan tinggi, serta mampu menjaga stabilitas atau ketahanan tim dan mendorong orang lain agar tetap tangguh dalam kondisi kerja penuh dengan perubahan dan tekanan.,COPE Model (Nina Josefowitz & David Myran),M203,Effective Delegation Skills,NULL,NULL
154,7,4,Menjadi panutan dalam menghadapi krisis atau tekanan tinggi, serta mampu menjaga stabilitas atau ketahanan tim dan mendorong orang lain agar tetap tangguh dalam kondisi kerja penuh dengan perubahan dan tekanan.,4C of Change Readiness,M204,Building Trust in Teams,NULL,NULL
155,7,3,"Konsisten mempertahankan fokus dan kinerja saat menghadapi tekanan tinggi,  konflik,  atau tantangan berat,  serta mampu memulihkan produktivitas dan stabilitas kerja secara cepat dan efektif setelah menghadapi gangguan.",", Resilience in Volatility,  Uncertainty,  Complexity,  Ambiguity",M205,Strategic Decision Making for Manager,NULL,NULL,NULL
156,7,3,"Konsisten mempertahankan fokus dan kinerja saat menghadapi tekanan tinggi,  konflik,  atau tantangan berat,  serta mampu memulihkan produktivitas dan stabilitas kerja secara cepat dan efektif setelah menghadapi gangguan.",", ABCDE Model of Stress Resilience",M206,Innovation Idea for Growth,NULL,NULL,NULL
157,7,2,Mempertahankan kualitas kerja saat menghadapi beban kerja tambahan dan mampu mengelola emosi serta menyesuaikan prioritas tugas.,ABC Model of Stress (Albert Ellis – REBT),M207,ABC Model for Stress,NULL,NULL,NULL
158,7,2,Mempertahankan kualitas kerja saat menghadapi beban kerja tambahan dan mampu mengelola emosi serta menyesuaikan prioritas tugas.,STOP Technique of Emotional Control,M208,Emotional Control,NULL,NULL,NULL
159,7,1,Menyelesaikan tugas atau pekerjaan sesuai dengan standar dan target yang ditetapkan meskipun menghadapi gangguan atau perubahan jadwal dalam aktivitas kerja harian.,Time Management,M209,Managing Work Under Pressure,NULL,NULL,NULL
160,7,1,Menyelesaikan tugas atau pekerjaan sesuai dengan standar dan target yang ditetapkan meskipun menghadapi gangguan atau perubahan jadwal dalam aktivitas kerja harian.,Agile Mindset,M210,Agile Mindset for Workplace Resilience,NULL,NULL,NULL
161,21,4,Merancang strategi pengelolaan sumber daya jangka panjang yang efektif, dengan mengoptimalkan alokasi antar unit dan memastikan keberlanjutan sistem pengelolaan yang telah atau akan berjalan.,Visual Kanban Board,M211,Coaching for High Performance Team,NULL,NULL
162,21,4,Merancang strategi pengelolaan sumber daya jangka panjang yang efektif, dengan mengoptimalkan alokasi antar unit dan memastikan keberlanjutan sistem pengelolaan yang telah atau akan berjalan.,After Action Review (AAR),M212,Post-Task Reflection Strategies,NULL,NULL
163,21,3,Memanfaatkan berbagai sumber daya secara bersamaan untuk mencapai target kerja dan mampu mencari solusi ketika menghadapi keterbatasan sumber daya.,Gantt Chart,M213,Visual Project Management Tools,NULL,NULL,NULL
164,21,3,Memanfaatkan berbagai sumber daya secara bersamaan untuk mencapai target kerja dan mampu mencari solusi ketika menghadapi keterbatasan sumber daya.,5 Whys Identifications,M214,Root Cause Problem Identification,NULL,NULL,NULL
165,21,2,Mengelola sumber daya untuk tugas sehari-hari dan mulai mencari cara mengoptimalkan penggunaan sumber daya yang terbatas dengan berdasarkan panduan yang tersedia.,Visual Management for Work,M215,Boosting Efficiency with Visual Management,NULL,NULL,NULL
166,21,2,Mengelola sumber daya untuk tugas sehari-hari dan mulai mencari cara mengoptimalkan penggunaan sumber daya yang terbatas dengan berdasarkan panduan yang tersedia.,Effective Time and Task Management,M216,Effective Time on Task Management,NULL,NULL,NULL
167,21,1,"Memahami pentingnya penggunaan sumber daya yang efisien dan mengenal berbagai jenis sumber daya yang tersedia dan terkait dengan pekerjaan (peralatan,  material,  dan waktu).",", Lean Thinking Basics",M217,Lean Thinking,NULL,NULL,NULL
168,21,1,"Memahami pentingnya penggunaan sumber daya yang efisien dan mengenal berbagai jenis sumber daya yang tersedia dan terkait dengan pekerjaan (peralatan,  material,  dan waktu).",", Basic Knowledge of 5S: Shitsuke",M218,Basic Work Discipline for Productivity,NULL,NULL,NULL
169,4,4,Konsisten mengembangkan diri dan membantu tim berkembang dengan mencari peluang belajar yang menantang serta memastikan peningkatan keterampilan yang berkelanjutan untuk hasil kerja terbaik.,Learning Agility Framework,M219,Learning Agility for Leaders,NULL,NULL,NULL
170,4,4,Konsisten mengembangkan diri dan membantu tim berkembang dengan mencari peluang belajar yang menantang serta memastikan peningkatan keterampilan yang berkelanjutan untuk hasil kerja terbaik.,RACI Model for Manager,M220,RACI Model for Teams,NULL,NULL,NULL
171,4,3,Rutin meminta dan memanfaatkan masukan dari atasan atau rekan kerja untuk meningkatkan performa, serta mengaplikasikan yang telah dipelajari dalam pekerjaan sehari-hari secara konsisten.,Career Planning Cycle,M221,Career Development Strategies,NULL,NULL
172,4,3,Rutin meminta dan memanfaatkan masukan dari atasan atau rekan kerja untuk meningkatkan performa, serta mengaplikasikan yang telah dipelajari dalam pekerjaan sehari-hari secara konsisten.,ADKAR Model (Prosci),M222,Effective Change Management,NULL,NULL
173,4,2,"Mengenali keterampilan yang diperlukan untuk kemajuan karier,  menyusun rencana pengembangan diri,  dan secara aktif mengikuti pelatihan terkait dengan pekerjaan.",", Ikigai",M223,Finding Purpose and Passion in Work,NULL,NULL,NULL
174,4,2,"Mengenali keterampilan yang diperlukan untuk kemajuan karier,  menyusun rencana pengembangan diri,  dan secara aktif mengikuti pelatihan terkait dengan pekerjaan.",", 70:20:10 Learning Framework",M224,Self Growth through Experience,NULL,NULL,NULL
175,4,1,"Menerima masukan dan kritikan,  mencari bantuan apabila dihadapkan tugas atau pekerjaan baru,  serta mengikuti pelatihan dasar untuk meningkatkan keterampilan.",", 7 Habit of Highly Effective People: Sharpen the Saw",M225,Upgrade Skill for Better Performance,NULL,NULL,NULL
176,4,1,"Menerima masukan dan kritikan,  mencari bantuan apabila dihadapkan tugas atau pekerjaan baru,  serta mengikuti pelatihan dasar untuk meningkatkan keterampilan.",", Growth Mindset (Carol Dweck)",M226,Growth Mindset: Kunci Mental Tangguh dan Bertumbuh,NULL,NULL,NULL
177,11,4,"Membangun semangat kebersamaan dan komitmen tim,  menciptakan suasana inklusif dan terbuka,  serta menjadi panutan dalam membina kerja sama yang solid.",", The Five Behaviors of a Cohesive Team (Patrick Lencioni)",M227,Creating Effective Teamwork,NULL,NULL,NULL
178,11,4,"Membangun semangat kebersamaan dan komitmen tim,  menciptakan suasana inklusif dan terbuka,  serta menjadi panutan dalam membina kerja sama yang solid.",", RACI Model for Manager",M228,Optimizing Project Roles,NULL,NULL,NULL
179,11,3,"Mendorong kolaborasi dalam tim,  memberi arahan dan dukungan secara proaktif,  serta membantu menyelesaikan masalah tim secara konstruktif.",", Sandwich Feedback for Supervisory",M229,Feedback Technique for Supervisor,NULL,NULL,NULL
180,11,3,"Mendorong kolaborasi dalam tim,  memberi arahan dan dukungan secara proaktif,  serta membantu menyelesaikan masalah tim secara konstruktif.",", GRPI Model (Goals,  Roles,  Processes,  Interpersonal Relationships)",M230,Maximizing Team Synergy,NULL,NULL,NULL
181,11,2,"Berpartisipasi aktif dalam kegiatan tim,  menempatkan tujuan bersama di atas kepentingan pribadi,  dan membantu tanpa mengharapkan pengakuan., T.H.I.N.K.",Model,M231,Komunikasi Etis dalam Tim,NULL,NULL,NULL
182,11,2,"Berpartisipasi aktif dalam kegiatan tim,  menempatkan tujuan bersama di atas kepentingan pribadi,  dan membantu tanpa mengharapkan pengakuan.",", Team Emotional Intelligence",M232,Emotional Intellegence for Team Development,NULL,NULL,NULL
183,11,1,Memahami peran dalam tim, menerima penugasan dengan sikap positif, dan bersedia membantu rekan kerja saat dibutuhkan.,Tuckman's Team Development Model,M233,Tuckman’s Team Development Model,NULL
184,11,1,"Memahami peran dalam tim,  menerima penugasan dengan sikap positif,  dan bersedia membantu rekan kerja saat dibutuhkan.",", Belbin Team Roles",M234,Understand Your Roles at Team,NULL,NULL,NULL
